run_id,arm,budget,seed,condition,corruption,severity,held_out,macro_auroc,e3_macro_auroc,auroc_AF,auroc_PR_PROL,auroc_CRBBB,auroc_IRBBB,auroc_CLBBB,auroc_LAFB,auroc_LVH,auroc_IMI,auroc_ASMI,degradation,e3_degradation
C1_b1_s0_lik0_h3-ecg-high,C1,1.0,0,clean,clean,0,False,0.9234039865004133,0.9759720474442588,0.9846748469414004,0.9795978036790358,0.9976074488667772,0.9755127722229832,0.9983934494195689,0.9857957990734677,0.9490362149532711,0.935864090135906,0.97726600170592,,
C1_b1_s0_lik0_h3-ecg-high,C1,1.0,0,lead_dropout_s1,lead_dropout,1,True,0.9171257371846043,0.9710130390286168,0.9855462519936204,0.9796820488423724,0.9973051409618574,0.954458293384468,0.9980393173023769,0.9810964369739745,0.9391863883026832,0.9291551019537334,0.9746483715424652,0.006278249315809004,0.004959008415642008
C1_b1_s0_lik0_h3-ecg-high,C1,1.0,0,lead_dropout_s2,lead_dropout,2,True,0.9093863486472386,0.9616843186540781,0.9829159592529713,0.9786017285125277,0.9949989635157546,0.9167322969456239,0.998047954671089,0.9670377646802009,0.9326245477841423,0.9103955374269992,0.9738041150973942,0.01401763785317478,0.014287728790180698
C1_b1_s0_lik0_h3-ecg-high,C1,1.0,0,lead_dropout_s3,lead_dropout,3,True,0.9000448649314031,0.9563967149451506,0.9815911663322529,0.9731902156676182,0.9945152708678828,0.9119598342692782,0.9947052929795467,0.9736532537776809,0.9039229725655712,0.9075850939820821,0.966447334064442,0.02335912156901021,0.019575332499108256
C1_b1_s0_lik0_h3-ecg-high,C1,1.0,0,limb_reversal_s1,limb_reversal,1,True,0.8957678282834979,0.9662034988716479,0.980372485465864,0.9763915318744052,0.9972619541182974,0.9690624571976442,0.9934096876727474,0.98226976157559,0.9392240729574918,0.8859937506909734,0.9718457882918169,0.027636158216915452,0.009768548572610891
C1_b1_s0_lik0_h3-ecg-high,C1,1.0,0,limb_reversal_s2,limb_reversal,2,True,0.8774536594080504,0.9569707410022826,0.9752083654885013,0.9664654693942277,0.9965364151464898,0.9527033967949595,0.9887973327805417,0.9781221955419729,0.9297251846548086,0.8573927851707892,0.9677855240482532,0.04595032709236291,0.019001306441976173
C1_b1_s0_lik0_h3-ecg-high,C1,1.0,0,limb_reversal_s3,limb_reversal,3,True,0.8420605805640522,0.9386803101353496,0.9735620208879971,0.9499484617824294,0.9956899530127142,0.90583909738392,0.9763767965726922,0.9641544786436732,0.9071756293337353,0.8165860773463517,0.9587902762546348,0.08134340593636114,0.03729173730890922
C1_b1_s0_lik0_h3-ecg-high,C1,1.0,0,baseline_step_s1,baseline_step,1,True,0.9227872760738947,0.9758140532881825,0.9841217780521686,0.9795978036790358,0.9975815367606412,0.9747209286399123,0.9982207020453289,0.9856320793616143,0.9488077517334942,0.9364866935491691,0.977157205772277,0.000616710426518674,0.00015799415607631317
C1_b1_s0_lik0_h3-ecg-high,C1,1.0,0,baseline_step_s2,baseline_step,2,True,0.9232282650821675,0.9760415105271361,0.985144312393888,0.979969473517285,0.9974692509673853,0.9741602177783866,0.9983416252072969,0.9860383467947318,0.9493094287006332,0.9367989650430488,0.977141974341567,0.00017572141824584442,-6.946308287725245e-05
C1_b1_s0_lik0_h3-ecg-high,C1,1.0,0,baseline_step_s3,baseline_step,3,True,0.9221435182034886,0.9762025721817462,0.9835783557133304,0.9788594196003806,0.9974865257048093,0.9782692439391865,0.9982898009950248,0.9860504741807952,0.9488572128429303,0.937196577814759,0.9772355388445002,0.0012604682969247216,-0.0002305247374874142
C1_b1_s0_lik0_h3-ecg-high,C1,1.0,0,seen_baseline_wander_s1,seen_baseline_wander,1,False,0.9234023786268428,0.9760151202708209,0.9848324072644955,0.9796324928639392,0.9976333609729132,0.9755898164634982,0.9983848120508568,0.9859261684736472,0.9490032408803136,0.9358873650298598,0.9772464184378644,1.6078735705082892e-06,-4.307282656212941e-05
C1_b1_s0_lik0_h3-ecg-high,C1,1.0,0,seen_baseline_wander_s2,seen_baseline_wander,2,False,0.9231119756780886,0.9760488081730324,0.9842632607912744,0.9797910719949255,0.9975728993919293,0.976176208738529,0.9983329878385848,0.9858867544689418,0.9495143390111547,0.9357380177936564,0.9771637335282956,0.00029201082232477305,-7.676072877360607e-05
C1_b1_s0_lik0_h3-ecg-high,C1,1.0,0,seen_baseline_wander_s3,seen_baseline_wander,3,False,0.9227255067032745,0.9761699591858746,0.9845815969542626,0.9798257611798287,0.9975297125483693,0.9758851527188056,0.9983416252072969,0.9859746780179001,0.9498558561953573,0.9365390620605653,0.9769961877904852,0.0006784797971388645,-0.00019791174161576386
C1_b1_s0_lik0_h3-ecg-high,C1,1.0,0,seen_emg_bursts_s1,seen_emg_bursts,1,False,0.9236069596701284,0.9759288680632705,0.9847005710757833,0.9795829368855059,0.9975815367606412,0.9752859197370224,0.9983502625760088,0.9859837735574474,0.9489231609888454,0.9356856492822605,0.9772660017059202,-0.0002029731697150705,4.3179380988300764e-05
C1_b1_s0_lik0_h3-ecg-high,C1,1.0,0,seen_emg_bursts_s2,seen_emg_bursts,2,False,0.9235578987870378,0.9761911844846526,0.9853308123681639,0.9796473596574691,0.9975124378109452,0.9750847486645665,0.9983416252072969,0.9864021683766282,0.9499053173047934,0.9361453284378474,0.977350862534162,-0.0001539122866244247,-0.0002191370403937798
C1_b1_s0_lik0_h3-ecg-high,C1,1.0,0,seen_emg_bursts_s3,seen_emg_bursts,3,False,0.9221648572091604,0.9763070278272896,0.9856877347327263,0.9792310894386299,0.9976592730790492,0.9773361525818381,0.9984107241569928,0.9862899900555434,0.9494837202291226,0.936166663757305,0.9764979024143993,0.0012391292912529162,-0.000334980383030814
C1_b1_s0_lik0_h3-ecg-high,C1,1.0,0,seen_lead_scaling_s1,seen_lead_scaling,1,False,0.923140562998379,0.9754731227138167,0.984504424551114,0.9788643751982239,0.9975124378109452,0.9752773592658539,0.9984366362631288,0.9850772514492226,0.9467445168827253,0.9356643139628028,0.9771767890403329,0.0002634235020343434,0.0004989247304421074
C1_b1_s0_lik0_h3-ecg-high,C1,1.0,0,seen_lead_scaling_s2,seen_lead_scaling,2,False,0.922700267083492,0.9757561073313029,0.9850832175747286,0.980028940691405,0.9976074488667772,0.9759022736611423,0.9984020867882809,0.9861202066506586,0.9467209639734699,0.934900121611321,0.9770397061639425,0.0007037194169213778,0.00021594011295589244
C1_b1_s0_lik0_h3-ecg-high,C1,1.0,0,seen_lead_scaling_s3,seen_lead_scaling,3,False,0.9212734539070762,0.9738729810134115,0.9854240623553018,0.9780021011734855,0.9977542841348812,0.9745925215723874,0.9984193615257048,0.9846558247835262,0.9389508592101297,0.931536899435002,0.9755209149302836,0.0021305325933371755,0.0020990664308473406
C1_b1_s0_lik0_h3-ecg-low,C1,1.0,0,clean,clean,0,False,0.9236286282831931,0.9761065557146149,0.9838709677419355,0.9804947668886774,0.9977197346600332,0.9755983769346664,0.9977542841348811,0.9864991874651338,0.9517919053361472,0.9328344747729242,0.9783953034971365,,
C1_b1_s0_lik0_h3-ecg-low,C1,1.0,0,lead_dropout_s1,lead_dropout,1,True,0.915310848231592,0.9716660935703527,0.9841957349385194,0.9816989771646052,0.9971410309563294,0.9607245582796877,0.9971410309563296,0.9819120036867253,0.9415675874283992,0.9254737895600463,0.9751401291625325,0.008317780051601109,0.004440462144262192
C1_b1_s0_lik0_h3-ecg-low,C1,1.0,0,lead_dropout_s2,lead_dropout,2,True,0.911785213209384,0.9634013023467894,0.9828098471986417,0.9791765778623533,0.9946621061359867,0.9350945076016984,0.9976247236042013,0.9662434208930607,0.9309004748266506,0.9091057203870616,0.9749943426114506,0.01184341507380915,0.012705253367825464
C1_b1_s0_lik0_h3-ecg-low,C1,1.0,0,lead_dropout_s3,lead_dropout,3,True,0.8989897798815843,0.9565393491080815,0.9798933734629831,0.9747512289882652,0.9955431177446104,0.9204860635529379,0.995914524599226,0.9714521332072085,0.9045141505878806,0.8994931891841569,0.9668063606454645,0.024638848401608793,0.019567206606533438
C1_b1_s0_lik0_h3-ecg-low,C1,1.0,0,limb_reversal_s1,limb_reversal,1,True,0.8890364687791222,0.9645137150938683,0.9684139784946237,0.976431176657152,0.9979183941404091,0.9669137789343926,0.9942561498065229,0.9792470105993354,0.9379592817304793,0.89069721884413,0.9687864466377705,0.03459215950407091,0.011592840620746614
C1_b1_s0_lik0_h3-ecg-low,C1,1.0,0,limb_reversal_s2,limb_reversal,2,True,0.8605398286522793,0.9535912097050908,0.9529441271801203,0.9712575325087218,0.9968991846323936,0.9487741405286947,0.9906543670536208,0.9744475975648208,0.9231939629182997,0.860385548618344,0.9637644263408012,0.06308879963091385,0.022515346009524095
C1_b1_s0_lik0_h3-ecg-low,C1,1.0,0,limb_reversal_s3,limb_reversal,3,True,0.8126610104782898,0.9326439967821207,0.92952230282451,0.957456192515065,0.9885813985627419,0.9270305437611287,0.9817406025428413,0.960498071745616,0.8845883893578534,0.8129319189956108,0.9514465507337198,0.11096761780490338,0.04346255893249418
C1_b1_s0_lik0_h3-ecg-low,C1,1.0,0,baseline_step_s1,baseline_step,1,True,0.9233102280506337,0.9761579214884397,0.983012424756907,0.9807078575959404,0.9976938225538972,0.9756711409395973,0.9977629215035931,0.9864688689999758,0.9516953384082002,0.9337111624451828,0.9786977561926645,0.00031840023255946814,-5.136577382480745e-05
C1_b1_s0_lik0_h3-ecg-low,C1,1.0,0,baseline_step_s2,baseline_step,2,True,0.9228321265132894,0.9760328411908935,0.9833886402222565,0.9812777513479226,0.9977888336097291,0.9751617929050815,0.9975556246545052,0.9866204613257659,0.9512596095869762,0.9331021360533924,0.9781407210124115,0.0007965017699037569,7.371452372140208e-05
C1_b1_s0_lik0_h3-ecg-low,C1,1.0,0,baseline_step_s3,baseline_step,3,True,0.9225124985085331,0.9758643726573939,0.9809062612543088,0.9798951395496354,0.9976851851851852,0.9752901999726066,0.9977197346600332,0.9872177350893788,0.9510735416038589,0.9343938926678265,0.9785976639337128,0.001116129774660024,0.00024218305722101263
C1_b1_s0_lik0_h3-ecg-low,C1,1.0,0,seen_baseline_wander_s1,seen_baseline_wander,1,False,0.9236204554854948,0.9761101885877849,0.9838870453259249,0.9806037900412305,0.9977197346600332,0.975636899054924,0.9977456467661692,0.9864719008464916,0.9516717854989448,0.9328247769004435,0.9784301181959023,8.172797698380307e-06,-3.6328731699564187e-06
C1_b1_s0_lik0_h3-ecg-low,C1,1.0,0,seen_baseline_wander_s2,seen_baseline_wander,2,False,0.9235306024636375,0.9761787719475676,0.9838420280907547,0.9805988344433874,0.9977197346600332,0.9759793179016573,0.9976765478164732,0.9863809454510175,0.9517989712089236,0.9330323113715313,0.9785802565843299,9.802581955564715e-05,-7.22162329527265e-05
C1_b1_s0_lik0_h3-ecg-low,C1,1.0,0,seen_baseline_wander_s3,seen_baseline_wander,3,False,0.9232145355395075,0.9762211369033577,0.9836265884652982,0.9803213209641611,0.9977197346600332,0.9762446925078756,0.9977888336097291,0.9866447160978922,0.9518602087729876,0.9336064254223909,0.9781777116298501,0.00041409274368564564,-0.00011458118874274614
C1_b1_s0_lik0_h3-ecg-low,C1,1.0,0,seen_emg_bursts_s1,seen_emg_bursts,1,False,0.923764766459161,0.9761296043488691,0.9839095539435099,0.9806533460196638,0.9976851851851852,0.9754614093959731,0.9977370093974571,0.9866053020931869,0.9517047595719024,0.9329993386050968,0.9784105349278467,-0.00013613817596780375,-2.3048634254174694e-05
C1_b1_s0_lik0_h3-ecg-low,C1,1.0,0,seen_emg_bursts_s2,seen_emg_bursts,2,False,0.9230349849937893,0.9761984984428919,0.98330825230231,0.9803213209641611,0.9976851851851852,0.9759065538967264,0.9977629215035932,0.9868205631958087,0.9519473545372323,0.9337674101055711,0.9782669242954377,0.0005936432894038113,-9.194272827695027e-05
C1_b1_s0_lik0_h3-ecg-low,C1,1.0,0,seen_emg_bursts_s3,seen_emg_bursts,3,False,0.9225447264170135,0.976255605837003,0.9837327005196275,0.9793748017760863,0.9978061083471531,0.9761847692096973,0.9978752072968491,0.986726575953819,0.9522794505577329,0.9336840084022366,0.9786368304698244,0.0010839018661796818,-0.00014905012238808357
C1_b1_s0_lik0_h3-ecg-low,C1,1.0,0,seen_lead_scaling_s1,seen_lead_scaling,1,False,0.9237201111157959,0.9756042113747811,0.9838806142923292,0.9802816761814146,0.9976765478164732,0.9746610053417339,0.9977629215035931,0.9859534550922894,0.9498252374133254,0.9322448441260957,0.9781516006057757,-9.14828326027406e-05,0.0005023443398337601
C1_b1_s0_lik0_h3-ecg-low,C1,1.0,0,seen_lead_scaling_s2,seen_lead_scaling,2,False,0.924380152727313,0.9757756184493194,0.9835976488141174,0.98087139232477,0.9977110972913211,0.9762446925078757,0.9975210751796573,0.986787212884135,0.9484544580946639,0.9328655079648627,0.9779274809824707,-0.0007515244441198554,0.0003309372652955389
C1_b1_s0_lik0_h3-ecg-low,C1,1.0,0,seen_lead_scaling_s3,seen_lead_scaling,3,False,0.9207269108835912,0.9730607329324344,0.9826362092915574,0.9792955122105931,0.9980393173023769,0.9766085125325297,0.9980220425649531,0.9836583472798273,0.9345558863430811,0.928330782792871,0.9763999860741205,0.0029017173996019885,0.003045822782180463
C1_b1_s0_lik0_h3-gen-high,C1,1.0,0,clean,clean,0,False,0.9220372973908567,0.9754928954301388,0.9805332613057571,0.974379559150016,0.9974001520176893,0.9770536570332831,0.9978147457158651,0.9871116204613258,0.951777773590594,0.9370588680255326,0.9763064215711873,,
C1_b1_s0_lik0_h3-gen-high,C1,1.0,0,lead_dropout_s1,lead_dropout,1,True,0.9103408472684867,0.9712636996916907,0.9814657611771364,0.9745728274659055,0.9971755804311775,0.9626164224078894,0.9973915146489774,0.9813480802347863,0.9438004032258065,0.9299231734542075,0.9730795341793305,0.011696450122369972,0.004229195738448155
C1_b1_s0_lik0_h3-gen-high,C1,1.0,0,lead_dropout_s2,lead_dropout,2,True,0.9100503171306629,0.9630230496979375,0.9812374594844884,0.9687995559784333,0.9957417772249862,0.936909327489385,0.9984711857379768,0.9649427587377817,0.9333429115164306,0.9140671519482055,0.973695319163751,0.011986980260193847,0.012469845732201335
C1_b1_s0_lik0_h3-gen-high,C1,1.0,0,lead_dropout_s3,lead_dropout,3,True,0.900209942739674,0.9575466774165453,0.9788547615372742,0.9710939977798922,0.9948607656163627,0.9285286262155868,0.9935910724156993,0.9673682359504232,0.9093472075670788,0.9076801331323934,0.9665952965341967,0.021827354651182684,0.01794621801359353
C1_b1_s0_lik0_h3-gen-high,C1,1.0,0,limb_reversal_s1,limb_reversal,1,True,0.8912996922069039,0.962051745525991,0.9778579513299377,0.9645823422137647,0.9971583056937534,0.9651460416381317,0.996251381978994,0.9839675956244391,0.9244069377449503,0.8812922221123131,0.9678029313976361,0.030737605183952854,0.013441149904147798
C1_b1_s0_lik0_h3-gen-high,C1,1.0,0,limb_reversal_s2,limb_reversal,2,True,0.8660622664321309,0.9516641776303564,0.9741986932139732,0.9564700285442436,0.9971842177998894,0.9464585330776607,0.9943425234936428,0.9809872904994058,0.9003476409406088,0.8514091978501755,0.9635794732536077,0.0559750309587258,0.023828717799782462
C1_b1_s0_lik0_h3-gen-high,C1,1.0,0,limb_reversal_s3,limb_reversal,3,True,0.8142857408674555,0.9330184442161185,0.9748868138087153,0.9378914922296225,0.9965018656716418,0.9091391590193124,0.9916476644555002,0.9744112154066313,0.8242552570093458,0.8323839116174694,0.9560486187268266,0.10775155652340118,0.04247445121402038
C1_b1_s0_lik0_h3-gen-high,C1,1.0,0,baseline_step_s1,baseline_step,1,True,0.9216545728023915,0.9754118314378893,0.980169907907599,0.9741962020298129,0.9973828772802654,0.9764458635803315,0.9977801962410171,0.9872723083266632,0.9514409669882424,0.9376116467569344,0.976406513830139,0.00038272458846522195,8.106399224949712e-05
C1_b1_s0_lik0_h3-gen-high,C1,1.0,0,baseline_step_s2,baseline_step,2,True,0.9221212039028549,0.9753355282089875,0.9806586664608736,0.9742854027909926,0.9974174267551134,0.9759793179016574,0.9976938225538972,0.9873602318756215,0.9515964161893277,0.9373051939865431,0.9757232753668598,-8.390651199818855e-05,0.00015736722115133883
C1_b1_s0_lik0_h3-gen-high,C1,1.0,0,baseline_step_s3,baseline_step,3,True,0.9211271938225569,0.9753626034656256,0.9789994597931779,0.9733834839835078,0.9974606135986732,0.9778797425010273,0.9977542841348812,0.9872025758567997,0.951742444226711,0.9376562569703459,0.9761845701255071,0.0009101035682997916,0.00013029196451319613
C1_b1_s0_lik0_h3-gen-high,C1,1.0,0,seen_baseline_wander_s1,seen_baseline_wander,1,False,0.9219991791121349,0.9755208619788073,0.980899830220713,0.9742854027909926,0.9974260641238253,0.9771178605670455,0.9978233830845772,0.9871419389264838,0.9516246796804342,0.9370317139825864,0.9763368844326075,3.811827872179929e-05,-2.79665486684344e-05
C1_b1_s0_lik0_h3-gen-high,C1,1.0,0,seen_baseline_wander_s2,seen_baseline_wander,2,False,0.9218851515092636,0.9754318439235566,0.9799769768997273,0.9738047098001903,0.9974692509673853,0.977331872346254,0.9977888336097291,0.9872601809406,0.9518390111546579,0.9370375327060749,0.976378226887392,0.00015214588159306874,6.105150658219927e-05
C1_b1_s0_lik0_h3-gen-high,C1,1.0,0,seen_baseline_wander_s3,seen_baseline_wander,3,False,0.9218483144401506,0.9755817705627542,0.9807358388640222,0.9739880669203933,0.9975124378109453,0.9777598959046705,0.9977974709784412,0.9870964612287467,0.9521593307205306,0.9369909829181674,0.9761954497188714,0.00018898295070612914,-8.88751326153514e-05
C1_b1_s0_lik0_h3-gen-high,C1,1.0,0,seen_emg_bursts_s1,seen_emg_bursts,1,False,0.9222689768762655,0.975495224554441,0.9808419509183517,0.9743052251823661,0.9973742399115534,0.9771692233940555,0.9977801962410171,0.9870722064566204,0.9519167357552005,0.9366864697222723,0.976310773408533,-0.0002316794854088089,-2.3291243022027786e-06
C1_b1_s0_lik0_h3-gen-high,C1,1.0,0,seen_emg_bursts_s2,seen_emg_bursts,2,False,0.9219481803556222,0.9754324613590752,0.9808933991871174,0.9738740881699968,0.9974001520176894,0.9767497603068073,0.9977715588723052,0.9872177350893788,0.9519402886644558,0.9367931463195605,0.9762520236043658,8.911703523450942e-05,6.043407106359755e-05
C1_b1_s0_lik0_h3-gen-high,C1,1.0,0,seen_emg_bursts_s3,seen_emg_bursts,3,False,0.9214190327849286,0.9755039931185624,0.9815525801306786,0.9739979781160799,0.9974174267551134,0.9771178605670455,0.9978061083471532,0.9873996458803269,0.9522464764847753,0.9364595395062231,0.9755383222796665,0.000618264605928065,-1.1097688423555852e-05
C1_b1_s0_lik0_h3-gen-high,C1,1.0,0,seen_lead_scaling_s1,seen_lead_scaling,1,False,0.9216518727886956,0.9751765389554659,0.9804110716674383,0.9732397716460515,0.9973224156992814,0.9766427544172032,0.997935668877833,0.9866598753304713,0.9505883516731986,0.9371713633463091,0.9766175779414069,0.00038542460216106633,0.0003163564746729852
C1_b1_s0_lik0_h3-gen-high,C1,1.0,0,seen_lead_scaling_s2,seen_lead_scaling,2,False,0.9229238544240901,0.9752103860756358,0.9813242784380305,0.9746768950206153,0.9974174267551132,0.9757867073003699,0.9981084162520729,0.9870994930752626,0.949229348809165,0.9375689761180193,0.9756819329120754,-0.0008865570332333705,0.0002825093545030244
C1_b1_s0_lik0_h3-gen-high,C1,1.0,0,seen_lead_scaling_s3,seen_lead_scaling,3,False,0.9188087571428406,0.973182940078809,0.9810445284766168,0.9743547811607993,0.9975815367606412,0.9757011025886866,0.998177515201769,0.9844072133692303,0.9412873078082605,0.9327627105165668,0.9733297648267097,0.0032285402480161096,0.0023099553513298288
C1_b1_s0_lik0_h3-gen-low,C1,1.0,0,clean,clean,0,False,0.9198710493391514,0.9771199752876412,0.9871540103925502,0.9813322629241992,0.9977110972913212,0.9732656485412957,0.9982120646766168,0.9878544228576972,0.9521805283388605,0.9412056782982949,0.9751640642679339,,
C1_b1_s0_lik0_h3-gen-low,C1,1.0,0,lead_dropout_s1,lead_dropout,1,True,0.9118946440989972,0.9727963654140174,0.9868774759479344,0.9808267919441802,0.9969682835820896,0.9598813518696069,0.9979874930901049,0.9826881563947706,0.941690062556527,0.9338255973404553,0.9744220760004875,0.007976405240154194,0.0043236098736237905
C1_b1_s0_lik0_h3-gen-low,C1,1.0,0,lead_dropout_s2,lead_dropout,2,True,0.9076367698580395,0.9647862678624342,0.9854851571744611,0.9781854582936885,0.9946448313985627,0.9343540268456375,0.9982466141514649,0.967371267796939,0.9331921728971962,0.9191527162771032,0.9724441659268543,0.012234279481111887,0.012333707425207008
C1_b1_s0_lik0_h3-gen-low,C1,1.0,0,lead_dropout_s3,lead_dropout,3,True,0.8956471684611962,0.9586503683581429,0.9828934506353861,0.9739533777354901,0.9932369402985074,0.9267994110395836,0.9973224156992814,0.9672469620897911,0.9081460091950558,0.9124514863929151,0.9658032621372743,0.02422388087795524,0.018469606929498283
C1_b1_s0_lik0_h3-gen-low,C1,1.0,0,limb_reversal_s1,limb_reversal,1,True,0.8749576979084884,0.9607162107101169,0.9779704944178628,0.9710642641928322,0.9968819098949696,0.9596844610327352,0.9929173576561636,0.9833400033956681,0.9383479047331926,0.8677908440446335,0.9584486570229951,0.044913351430662996,0.016403764577524238
C1_b1_s0_lik0_h3-gen-low,C1,1.0,0,limb_reversal_s2,limb_reversal,2,True,0.8509626939017126,0.9459371840243782,0.9709349436641457,0.9583779337139233,0.9966314262023217,0.9347520887549651,0.9809546019900497,0.9789044119430498,0.9212060973771481,0.8239234876652759,0.9477496649085244,0.06890835543743878,0.031182791263262954
C1_b1_s0_lik0_h3-gen-low,C1,1.0,0,limb_reversal_s3,limb_reversal,3,True,0.789046591545633,0.9202514937936397,0.9648318927818079,0.9368706390738979,0.9948089414040906,0.8866807629091905,0.9587565644002211,0.9701787576705717,0.8425770651190835,0.784850759440394,0.9427080613434993,0.13082445779351848,0.05686848149400148
C1_b1_s0_lik0_h3-gen-low,C1,1.0,0,baseline_step_s1,baseline_step,1,True,0.9195818708260832,0.9771055076978978,0.9859642691773421,0.9819120678718681,0.9977197346600332,0.9729232296945624,0.9982120646766168,0.9878938368624026,0.9524066362677118,0.9416013514955089,0.9753163785750344,0.0002891785130682001,1.4467589743327736e-05
C1_b1_s0_lik0_h3-gen-low,C1,1.0,0,baseline_step_s2,baseline_step,2,True,0.9194669174798642,0.9765681631884277,0.9859546226269487,0.9808813035204567,0.9976247236042012,0.9706033420079441,0.9981516030956329,0.9880514928812243,0.9519120251733494,0.9410466331896108,0.9748877225964803,0.0004041318592872267,0.0005518120992135112
C1_b1_s0_lik0_h3-gen-low,C1,1.0,0,baseline_step_s3,baseline_step,3,True,0.918494032565354,0.9768556632437585,0.9848581313988785,0.9805344116714241,0.9976247236042012,0.9743314272017533,0.998108416252073,0.9876058114434015,0.9510806074766356,0.9420299974591574,0.9755274426863022,0.0013770167737974237,0.00026431204388266405
C1_b1_s0_lik0_h3-gen-low,C1,1.0,0,seen_baseline_wander_s1,seen_baseline_wander,1,False,0.9197183757835049,0.9771459957871829,0.9871089931573802,0.9813867745004757,0.9977110972913212,0.9732998904259691,0.9982207020453289,0.9878665502437605,0.9522582529394031,0.9412367114902334,0.9752249899907742,0.00015267355564652085,-2.602049954170127e-05
C1_b1_s0_lik0_h3-gen-low,C1,1.0,0,seen_baseline_wander_s2,seen_baseline_wander,2,False,0.919661090642382,0.9770402586502579,0.9868999845655193,0.9811786393910562,0.9977197346600332,0.9729959936994932,0.9982120646766169,0.9879059642484659,0.9522770952668074,0.9410000834017033,0.9751727679426253,0.00020995869676943002,7.971663738326473e-05
C1_b1_s0_lik0_h3-gen-low,C1,1.0,0,seen_baseline_wander_s3,seen_baseline_wander,3,False,0.9192253320797439,0.9770967959789176,0.987115424190976,0.9814759752616555,0.9977024599226092,0.9732913299548007,0.998160240464345,0.9880696839603191,0.9523100693397648,0.9408604340379806,0.9748855466778075,0.0006457172594075411,2.3179308723531022e-05
C1_b1_s0_lik0_h3-gen-low,C1,1.0,0,seen_emg_bursts_s1,seen_emg_bursts,1,False,0.9199775692702896,0.9770726285483511,0.9874691310387406,0.9815205756422454,0.9977110972913212,0.9728975482810573,0.9982293394140409,0.987887773169371,0.9520910272836901,0.940905044251392,0.9749421205633019,-0.00010651993113819369,4.7346739290077267e-05
C1_b1_s0_lik0_h3-gen-low,C1,1.0,0,seen_emg_bursts_s2,seen_emg_bursts,2,False,0.920055162305042,0.9771144456001859,0.9861764932860009,0.980777235965747,0.9977197346600332,0.9739761676482673,0.9981775152017689,0.9880666521138034,0.952649231233042,0.9414578229827941,0.9750291573102163,-0.00018411296589060377,5.529687455263499e-06
C1_b1_s0_lik0_h3-gen-low,C1,1.0,0,seen_emg_bursts_s3,seen_emg_bursts,3,False,0.9190379019450887,0.9770794265148912,0.9876717085970057,0.9807821915635901,0.9976765478164732,0.9731672031228599,0.9982207020453289,0.9880696839603191,0.9533746608381067,0.9407130263762735,0.9740391143140634,0.0008331473940627054,4.0548772749948725e-05
C1_b1_s0_lik0_h3-gen-low,C1,1.0,0,seen_lead_scaling_s1,seen_lead_scaling,1,False,0.9199733270659887,0.9766258640148414,0.9868003035447857,0.9805344116714241,0.9975901741293532,0.9725636899054925,0.998246614151465,0.9870873656891994,0.9502680321073259,0.9414869166002362,0.9750552683342907,-0.00010227772683724101,0.0004941112727997465
C1_b1_s0_lik0_h3-gen-low,C1,1.0,0,seen_lead_scaling_s2,seen_lead_scaling,2,False,0.9198645036618516,0.976239951601944,0.9871925965941246,0.9809655486837932,0.9976160862354893,0.9709157992055883,0.9982379767827528,0.9879302190205923,0.9481977313837805,0.940257226369679,0.9748463801416958,6.545677299851782e-06,0.0008800236856971733
C1_b1_s0_lik0_h3-gen-low,C1,1.0,0,seen_lead_scaling_s3,seen_lead_scaling,3,False,0.9175140824705393,0.9747141174489755,0.9855751916448011,0.9802816761814145,0.998091141514649,0.9738220791672374,0.9983329878385848,0.9856260156685828,0.9418926175761231,0.9368203003625065,0.9719850470868802,0.002356966868612087,0.002405857838665648
C1_b1_s0_lik0_h3-gen-mid,C1,1.0,0,clean,clean,0,False,0.9238033112715129,0.9767980883515618,0.9850414158563564,0.9848556929908024,0.9977370093974571,0.9723368374195315,0.9986784825870647,0.9870388561449465,0.9519379333735304,0.9368998229168485,0.9766567444775184,,
C1_b1_s0_lik0_h3-gen-mid,C1,1.0,0,lead_dropout_s1,lead_dropout,1,True,0.9157097412076992,0.9722646142501237,0.9844336831815609,0.9843502220107834,0.9968387230514096,0.9552030543761129,0.997935668877833,0.9826093283853599,0.9447707830871269,0.929572110470405,0.9746679548105209,0.008093570063813726,0.0045334741014381175
C1_b1_s0_lik0_h3-gen-mid,C1,1.0,0,lead_dropout_s2,lead_dropout,2,True,0.9093775342855998,0.9641656555811693,0.9843275711272316,0.9805294560735807,0.9958367882808181,0.9285457471579236,0.998056592039801,0.9676077518251716,0.9311053851371721,0.9170094864588607,0.9744721221299633,0.014425776985913186,0.012632432770392499
C1_b1_s0_lik0_h3-gen-mid,C1,1.0,0,lead_dropout_s3,lead_dropout,3,True,0.9033279443953515,0.9597989867663007,0.9826844420435251,0.9795829368855058,0.9951112493090105,0.9269320983426929,0.9982811636263129,0.9726497125809503,0.9042503580042207,0.9108241833906477,0.9678747367138406,0.02047536687616147,0.01699910158526108
C1_b1_s0_lik0_h3-gen-mid,C1,1.0,0,limb_reversal_s1,limb_reversal,1,True,0.8900465628503567,0.9665458197204563,0.97886119257087,0.9769168252457976,0.9973742399115533,0.9660962539378168,0.9958540630182422,0.9848923088117587,0.9378580042206813,0.8938005380379653,0.9672589517294203,0.03375674842115628,0.01025226863110551
C1_b1_s0_lik0_h3-gen-mid,C1,1.0,0,limb_reversal_s2,limb_reversal,2,True,0.8649836099931112,0.955700811276136,0.9729382106292123,0.9663564462416746,0.9970373825317854,0.9510512258594713,0.9914403676064123,0.9797988066652114,0.9153531994271933,0.8666135223254723,0.960718140198792,0.05881970127840175,0.021097277075425747
C1_b1_s0_lik0_h3-gen-mid,C1,1.0,0,limb_reversal_s3,limb_reversal,3,True,0.8107771134642389,0.9349789991747366,0.9671470648762669,0.9424109974627339,0.9950853372028745,0.9083943980276674,0.9858865395245993,0.9690600063062408,0.8511079288513717,0.8436237458226414,0.9520949744982332,0.11302619780727408,0.0418190891768252
C1_b1_s0_lik0_h3-gen-mid,C1,1.0,0,baseline_step_s1,baseline_step,1,True,0.9232106413136131,0.9766060136788425,0.9842536142408808,0.9847169362511893,0.9976938225538972,0.9714979112450349,0.9986784825870647,0.9869054548982512,0.9520768955381369,0.9367175029142107,0.9769135028809163,0.0005926699578998607,0.00019207467271931122
C1_b1_s0_lik0_h3-gen-mid,C1,1.0,0,baseline_step_s2,baseline_step,2,True,0.9223788850837555,0.9764382153513067,0.9844626228327417,0.9856039882651444,0.9976160862354893,0.9702309615121216,0.9985489220563847,0.9870176332193359,0.951817813536328,0.936498330996146,0.9761475795080683,0.0014244261877573994,0.0003598730002550843
C1_b1_s0_lik0_h3-gen-mid,C1,1.0,0,baseline_step_s3,baseline_step,3,True,0.9218119325463461,0.9767680717241993,0.9827262437618974,0.9855940770694577,0.9977110972913211,0.9738606012874949,0.9985921088999448,0.9866992893351766,0.9517000489900513,0.9375747948415077,0.9764543840409421,0.001991378725166859,3.0016627362461357e-05
C1_b1_s0_lik0_h3-gen-mid,C1,1.0,0,seen_baseline_wander_s1,seen_baseline_wander,1,False,0.9237374621925732,0.976808949316984,0.985213446005042,0.9847664922296226,0.9977197346600332,0.9721399465826599,0.9986784825870647,0.987169225545126,0.9519638415737112,0.9369987412161521,0.976630633453444,6.584907893969483e-05,-1.0860965422243574e-05
C1_b1_s0_lik0_h3-gen-mid,C1,1.0,0,seen_baseline_wander_s2,seen_baseline_wander,2,False,0.9233925989078899,0.9768551649816091,0.984800252096517,0.9848854265778624,0.9977370093974571,0.9735267429119299,0.9986784825870647,0.987123747847389,0.9518554981911366,0.9365022101451383,0.9765871150799867,0.00041071236362300034,-5.707663004728136e-05
C1_b1_s0_lik0_h3-gen-mid,C1,1.0,0,seen_baseline_wander_s3,seen_baseline_wander,3,False,0.923258725312069,0.977026898413695,0.9848806400164635,0.9852521408182683,0.9977283720287452,0.9727991028626215,0.9986784825870647,0.9872389580149894,0.952552664305095,0.9376116467569343,0.9765000783330723,0.000544585959443955,-0.0002288100621332667
C1_b1_s0_lik0_h3-gen-mid,C1,1.0,0,seen_emg_bursts_s1,seen_emg_bursts,1,False,0.9236978080116737,0.976816226977588,0.9852472089314195,0.9848606485886457,0.9977370093974571,0.9725080468428983,0.9987043946932007,0.9870085376797885,0.9517942606270727,0.936800904617545,0.9766850314202656,0.000105503259839268,-1.813862602617622e-05
C1_b1_s0_lik0_h3-gen-mid,C1,1.0,0,seen_emg_bursts_s2,seen_emg_bursts,2,False,0.923501399781978,0.9768596524736312,0.9849545969028142,0.9841866872819537,0.9977024599226092,0.9727177783865223,0.9986871199557767,0.9877392126900967,0.9521334225203497,0.9368261190859949,0.9767894755165631,0.00030191148953495617,-6.156412206936857e-05
C1_b1_s0_lik0_h3-gen-mid,C1,1.0,0,seen_emg_bursts_s3,seen_emg_bursts,3,False,0.9227943345703437,0.9765693862438467,0.9844754848999331,0.9827941642879796,0.9978406578220012,0.9725893713189974,0.9987303067993367,0.9878513910111815,0.9529695507989148,0.936444022910254,0.9754295263460234,0.001008976701169284,0.00022870210771508415
C1_b1_s0_lik0_h3-gen-mid,C1,1.0,0,seen_lead_scaling_s1,seen_lead_scaling,1,False,0.9235124032204939,0.9762704144542556,0.9849063641508463,0.9838199730415477,0.9976333609729132,0.9722084303520065,0.9986612078496407,0.9866901937956294,0.9495402472113356,0.936484753974673,0.976489198739708,0.0002909080510190565,0.0005276738973062356
C1_b1_s0_lik0_h3-gen-mid,C1,1.0,0,seen_lead_scaling_s2,seen_lead_scaling,2,False,0.9243005976210519,0.9761792663951494,0.9856330709471627,0.9854107199492548,0.9975901741293532,0.9688570058896041,0.9986612078496407,0.9876997986853914,0.9496815646668677,0.936125932692886,0.9759539227461834,-0.000497286349538939,0.0006188219564123854
C1_b1_s0_lik0_h3-gen-mid,C1,1.0,0,seen_lead_scaling_s3,seen_lead_scaling,3,False,0.9194789061702543,0.9741136658578069,0.9851925451458559,0.9844443783698065,0.9978579325594251,0.9724952061361458,0.9986352957435046,0.9853774042542871,0.9385551703346398,0.9325648739179598,0.9719001862586384,0.004324405101258644,0.00268442249375489
C1_b1_s1_lik0_h3-gen-high,C1,1.0,1,clean,clean,0,False,0.9285663034784275,0.9760096552406937,0.9845944590214539,0.9797266492229623,0.9976851851851852,0.9751789138474182,0.9985748341625207,0.986693225642145,0.9471590480856195,0.9375980697354614,0.9768765122634777,,
C1_b1_s1_lik0_h3-gen-high,C1,1.0,1,lead_dropout_s1,lead_dropout,1,True,0.9195121788538521,0.9710490675399287,0.9854562175232804,0.9785075721535046,0.9965364151464897,0.9575272222983153,0.9985230099502487,0.9826002328458124,0.9383950105517034,0.9288990781202419,0.9729968492697617,0.009054124624575444,0.004960587700765018
C1_b1_s1_lik0_h3-gen-high,C1,1.0,1,lead_dropout_s2,lead_dropout,2,True,0.9099926872725872,0.9635695766632174,0.9822632093430057,0.9778782112274025,0.9949989635157546,0.9345637583892616,0.998073866777225,0.9690539426132091,0.9281235868254446,0.91278121405726,0.9743894372203945,0.018573616205840304,0.01244007857747631
C1_b1_s1_lik0_h3-gen-high,C1,1.0,1,lead_dropout_s3,lead_dropout,3,True,0.9075689874437811,0.958222507621287,0.9814207439419664,0.9765055106248017,0.9877003869541183,0.9276554581564169,0.9965450525152018,0.9690296878410828,0.911443416490805,0.9065978505635434,0.9671044615036467,0.020997316034646385,0.017787147619406696
C1_b1_s1_lik0_h3-gen-high,C1,1.0,1,limb_reversal_s1,limb_reversal,1,True,0.8893914113975477,0.962676104443026,0.9790637701291351,0.9765897557881382,0.9971928551686015,0.9658265990960142,0.9936601713653953,0.9839190860801863,0.9336255464274948,0.8689739844872831,0.9652331714449841,0.039174892080879764,0.013333550797667737
C1_b1_s1_lik0_h3-gen-high,C1,1.0,1,limb_reversal_s2,limb_reversal,2,True,0.8632340138345667,0.9497555138530617,0.9720314348922159,0.970112789406914,0.9968559977888336,0.9466297425010273,0.9887886954118298,0.98187258968202,0.9179793488091649,0.8196215114328219,0.9539075147527285,0.06533228964386084,0.026254141387632046
C1_b1_s1_lik0_h3-gen-high,C1,1.0,1,limb_reversal_s3,limb_reversal,3,True,0.8061791255970933,0.9202294742949095,0.9624170396666152,0.9565592293054235,0.9956554035378662,0.8860943706341597,0.9742779159756771,0.9746962089791166,0.864168017033464,0.744302015023944,0.9238950684979199,0.12238717788133424,0.055780180945784186
C1_b1_s1_lik0_h3-gen-high,C1,1.0,1,baseline_step_s1,baseline_step,1,True,0.9286324857310062,0.9760072738450764,0.984385450429593,0.9798108943862988,0.9977715588723052,0.9747166484043281,0.9985402846876728,0.98671141672124,0.9472085091950558,0.9377047463327495,0.9772159555764444,-6.618225257870591e-05,2.381395617367943e-06
C1_b1_s1_lik0_h3-gen-high,C1,1.0,1,baseline_step_s2,baseline_step,2,True,0.9275321950616268,0.9758780855675835,0.9850928641251222,0.9798307167776721,0.9976074488667772,0.9738177989316531,0.9985143725815367,0.9869751873681147,0.9469753353934278,0.9373691999449161,0.9767198461190315,0.0010341084168007386,0.00013156967311023227
C1_b1_s1_lik0_h3-gen-high,C1,1.0,1,baseline_step_s3,baseline_step,3,True,0.9276805700271084,0.976120152887805,0.9829770540721304,0.9795730256898192,0.9976506357103372,0.9762061703876181,0.9985489220563847,0.9866538116374397,0.9479245176364185,0.9389557718827644,0.9765914669173326,0.0008857334513191484,-0.00011049764711124066
C1_b1_s1_lik0_h3-gen-high,C1,1.0,1,seen_baseline_wander_s1,seen_baseline_wander,1,False,0.9284404847589461,0.9760407878668319,0.9845848124710603,0.9797613384078656,0.9976851851851852,0.9752388371455964,0.9985661967938086,0.9867447670329137,0.9472037986132047,0.9376795318642995,0.9769026232875521,0.00012581871948136314,-3.1132626138186126e-05
C1_b1_s1_lik0_h3-gen-high,C1,1.0,1,seen_baseline_wander_s2,seen_baseline_wander,2,False,0.928243742219716,0.976104653635839,0.9844433297319545,0.9800190294957183,0.9976938225538973,0.9762446925078756,0.9985834715312327,0.9867508307259453,0.9474463935785349,0.9370491701530519,0.97671114244434,0.00032256125871155117,-9.499839514526265e-05
C1_b1_s1_lik0_h3-gen-high,C1,1.0,1,seen_baseline_wander_s3,seen_baseline_wander,3,False,0.9278083800893226,0.9760147772307762,0.9840542521994136,0.9797018712337456,0.9977024599226092,0.9754742501027257,0.9985489220563847,0.9869024230517355,0.9474440382876094,0.9377415982481764,0.9765631799745852,0.0007579233891048531,-5.121990082512795e-06
C1_b1_s1_lik0_h3-gen-high,C1,1.0,1,seen_emg_bursts_s1,seen_emg_bursts,1,False,0.9286963790235045,0.9760031367644157,0.9846523383238154,0.9796523152553125,0.9976506357103372,0.9746438843993973,0.9985661967938086,0.9867538625724611,0.9475830004522159,0.9375689761180193,0.9769570212543737,-0.00013007554507704633,6.518476277972418e-06
C1_b1_s1_lik0_h3-gen-high,C1,1.0,1,seen_emg_bursts_s2,seen_emg_bursts,2,False,0.9286264204540845,0.9761456120305342,0.9851475279106858,0.9792707342213764,0.9976592730790492,0.9749734625393782,0.9985661967938086,0.9867538625724611,0.9479433599638228,0.9381217548494212,0.9768743363448047,-6.0116975656998584e-05,-0.00013595678984046344
C1_b1_s1_lik0_h3-gen-high,C1,1.0,1,seen_emg_bursts_s3,seen_emg_bursts,3,False,0.9274936805570401,0.9761450785690844,0.9851475279106858,0.979706826831589,0.9976506357103372,0.9754485686892207,0.9985661967938088,0.9868963593587038,0.94812942794694,0.937514668032127,0.9762454958483472,0.0010726229213874339,-0.0001354233283906714
C1_b1_s1_lik0_h3-gen-high,C1,1.0,1,seen_lead_scaling_s1,seen_lead_scaling,1,False,0.9283331786611154,0.9755098365883129,0.9845526573030817,0.9791022438947035,0.9976506357103372,0.9747123681687441,0.9985661967938086,0.9863839772975332,0.9452441965631595,0.9363974731223463,0.9769787804411023,0.00023312481731208035,0.0004998186523808013
C1_b1_s1_lik0_h3-gen-high,C1,1.0,1,seen_lead_scaling_s2,seen_lead_scaling,2,False,0.9274445979540223,0.97549696214165,0.9853597520193444,0.9813074849349825,0.9975556246545053,0.9723796397753732,0.9984193615257049,0.9862687671299328,0.9451923801627977,0.936391654398858,0.9765979946733512,0.0011217055244051588,0.0005126930990436707
C1_b1_s1_lik0_h3-gen-high,C1,1.0,1,seen_lead_scaling_s3,seen_lead_scaling,3,False,0.9255237265703513,0.9736524453234181,0.9851314503266965,0.9797068268315889,0.9979097567716971,0.9732271264210383,0.9984625483692648,0.986065633413374,0.9359219550798915,0.9326056049823789,0.9738411057148327,0.003042576908076189,0.0023572099172756156
C1_b1_s2_lik0_h3-gen-high,C1,1.0,2,clean,clean,0,False,0.926705759251728,0.9767607662742022,0.9845526573030816,0.9828040754836663,0.997970218352681,0.9792579783591289,0.9983243504698729,0.9849438502025274,0.951311425987338,0.9357632322621064,0.9759191080474178,,
C1_b1_s2_lik0_h3-gen-high,C1,1.0,2,lead_dropout_s1,lead_dropout,1,True,0.9196522009095139,0.9729284537371261,0.9846941400421876,0.982417538851887,0.9976333609729132,0.967697062046295,0.9980393173023769,0.9800474180795071,0.9410447128429302,0.9323166083824531,0.972465925113583,0.007053558342214106,0.0038323125370760547
C1_b1_s2_lik0_h3-gen-high,C1,1.0,2,lead_dropout_s2,lead_dropout,2,True,0.9086557157896997,0.9648228185884908,0.9831539074960128,0.9793599349825564,0.9958713377556662,0.947186173126969,0.9983588999447208,0.9661312425719761,0.9280764810069341,0.9128471595901291,0.9724202308214529,0.01805004346202832,0.011937947685711325
C1_b1_s2_lik0_h3-gen-high,C1,1.0,2,lead_dropout_s3,lead_dropout,3,True,0.9035718233597966,0.9587079616591512,0.9808676750527344,0.9749197193149381,0.9950853372028745,0.9345765990960142,0.996389579878386,0.9706062480292997,0.9039724336750075,0.9104808787048296,0.9614731839782757,0.023133935891931467,0.018052804615050988
C1_b1_s2_lik0_h3-gen-high,C1,1.0,2,limb_reversal_s1,limb_reversal,1,True,0.8986277966625928,0.9674251897410515,0.9812406750012861,0.9783886378052649,0.9975642620232172,0.9711854540473908,0.9956813156440023,0.9790408450362609,0.9421045937594212,0.8959786801971382,0.9656422441554825,0.028077962589135197,0.009335576533150647
C1_b1_s2_lik0_h3-gen-high,C1,1.0,2,limb_reversal_s2,limb_reversal,2,True,0.8817878406732227,0.9593844706746714,0.9762566239646036,0.9742705359974627,0.9972446793808734,0.962941720312286,0.9917426755113322,0.9716522350772515,0.9258954816098884,0.8769650314114089,0.957491252806935,0.044917918578505356,0.0173762955995308
C1_b1_s2_lik0_h3-gen-high,C1,1.0,2,limb_reversal_s3,limb_reversal,3,True,0.8477195375984994,0.9442530983614,0.9738417708494109,0.9652216143355534,0.9965018656716418,0.9176311464182989,0.9889614427860697,0.9528517548327634,0.8896805283388605,0.8721199743200337,0.941467787699967,0.07898622165322866,0.03250766791280213
C1_b1_s2_lik0_h3-gen-high,C1,1.0,2,baseline_step_s1,baseline_step,1,True,0.9264642510439975,0.9767102545231336,0.9842182435561043,0.9825166508087535,0.997935668877833,0.9789968839884947,0.9983243504698729,0.9851954934633389,0.9512878730780825,0.9360328331170708,0.9758842933486519,0.00024150820773050086,5.051175106851602e-05
C1_b1_s2_lik0_h3-gen-high,C1,1.0,2,baseline_step_s2,baseline_step,2,True,0.9260336295599644,0.9762934564867,0.983700545351649,0.9820260466222644,0.997866569928137,0.9785431790165731,0.9981947899391929,0.9851894297703073,0.9497804868857402,0.9357865071560599,0.9755535537103764,0.0006721296917636677,0.0004673097875022014
C1_b1_s2_lik0_h3-gen-high,C1,1.0,2,baseline_step_s3,baseline_step,3,True,0.9260396852351099,0.9762655981253412,0.983240726449555,0.9819963130352045,0.9977197346600333,0.9789284002191481,0.998073866777225,0.9856017608964563,0.9487582906240579,0.9360890807774591,0.9759822096889307,0.0006660740166181123,0.0004951681488609694
C1_b1_s2_lik0_h3-gen-high,C1,1.0,2,seen_baseline_wander_s1,seen_baseline_wander,1,False,0.9266562402046183,0.9767383363347015,0.984385450429593,0.982813986679353,0.997970218352681,0.9792922202438021,0.9983157131011609,0.9848559266535691,0.9514103482062104,0.9356972867292374,0.9759038766167075,4.9519047109702896e-05,2.2429939500634433e-05
C1_b1_s2_lik0_h3-gen-high,C1,1.0,2,seen_baseline_wander_s2,seen_baseline_wander,2,False,0.9266447871484992,0.9767071086733622,0.9842761228584658,0.9831261893434824,0.997996130458817,0.9791038898780989,0.9982898009950248,0.9846891750951999,0.951240767259572,0.9358272382204793,0.9758146639511202,6.097210322886237e-05,5.365760083997362e-05
C1_b1_s2_lik0_h3-gen-high,C1,1.0,2,seen_baseline_wander_s3,seen_baseline_wander,3,False,0.9261171721731627,0.9766484447779978,0.984157148736945,0.9829279654297494,0.9979183941404091,0.9789669223394055,0.9982552515201769,0.9850560285236121,0.951417414078987,0.9355789726849725,0.9755579055477223,0.0005885870785653502,0.00011232149620432619
C1_b1_s2_lik0_h3-gen-high,C1,1.0,2,seen_emg_bursts_s1,seen_emg_bursts,1,False,0.9269052876793574,0.9767544128881921,0.9849256572516335,0.9828734538534729,0.997952943615257,0.9789540816326532,0.9983502625760089,0.9851196973004439,0.9513655976786253,0.9353811360863653,0.975866885999269,-0.00019952842762938072,6.353386010071738e-06
C1_b1_s2_lik0_h3-gen-high,C1,1.0,2,seen_emg_bursts_s2,seen_emg_bursts,2,False,0.9263017819334951,0.9768057759010313,0.9849899675875906,0.9828238978750397,0.997952943615257,0.9788898780988906,0.9982984383637369,0.985056028523612,0.9515917056074766,0.9356429786433452,0.9760061447943321,0.0004039773182329398,-4.500962682918441e-05
C1_b1_s2_lik0_h3-gen-high,C1,1.0,2,seen_emg_bursts_s3,seen_emg_bursts,3,False,0.9250351925999232,0.9767417239557514,0.9848356227812933,0.9841272201078338,0.9980134051962409,0.9785731406656623,0.9983243504698729,0.985392563486866,0.9518225241181791,0.9351580850193084,0.974428603756506,0.0016705666518048723,1.9042318450734896e-05
C1_b1_s2_lik0_h3-gen-high,C1,1.0,2,seen_lead_scaling_s1,seen_lead_scaling,1,False,0.9263944825307101,0.9762259964212325,0.9839288470442968,0.9825513399936568,0.997866569928137,0.9790996096425147,0.9983070757324488,0.983925149773218,0.9494931413928248,0.9349757650166707,0.9758864692673247,0.000311276721017939,0.0005347698529696299
C1_b1_s2_lik0_h3-gen-high,C1,1.0,2,seen_lead_scaling_s2,seen_lead_scaling,2,False,0.9267058485838316,0.9762817619793742,0.9842343211400936,0.983532548366635,0.9977888336097291,0.9794591494315847,0.998082504145937,0.9853076717844236,0.9483084300572808,0.9346343999053488,0.9751879993733356,-8.933210360329014e-08,0.00047900429482794493
C1_b1_s2_lik0_h3-gen-high,C1,1.0,2,seen_lead_scaling_s3,seen_lead_scaling,3,False,0.9212718801086873,0.973597496227884,0.9833500540206822,0.982843720266413,0.997987493090105,0.9780723531023148,0.9984711857379768,0.9808296344805841,0.937160838106723,0.9324931096616024,0.9711690775845563,0.005433879143040721,0.003163270046318112
C1_b1_s3_lik0_h3-gen-high,C1,1.0,3,clean,clean,0,False,0.923367890952721,0.976182992303464,0.9840606832330092,0.9825265620044402,0.9976074488667772,0.975842350362964,0.9970460199004975,0.9863445632928278,0.9464665925535122,0.9393766595484282,0.976376050968719,,
C1_b1_s3_lik0_h3-gen-high,C1,1.0,3,lead_dropout_s1,lead_dropout,1,True,0.9168169868410379,0.9709816379029483,0.9853243813345681,0.9816494211861719,0.9967523493642896,0.9558664908916588,0.9953530956329464,0.9811540420577749,0.936117444226711,0.9325609947689675,0.9740565216634465,0.006550904111683131,0.005201354400515612
C1_b1_s3_lik0_h3-gen-high,C1,1.0,3,lead_dropout_s2,lead_dropout,2,True,0.9047778320342297,0.9616799688113953,0.9820252610999639,0.9786859736758642,0.9952494472084024,0.9208242021640871,0.9967264372581537,0.9683899682262486,0.9248403112752487,0.9157468234618691,0.9726312949327207,0.018590058918491303,0.014503023492068667
C1_b1_s3_lik0_h3-gen-high,C1,1.0,3,lead_dropout_s3,lead_dropout,3,True,0.8980574204340183,0.9573968013064734,0.9811281319133611,0.9777543212813193,0.9947139303482587,0.909104917134639,0.9972619541182974,0.9705122607873098,0.9110665699427193,0.9101375740190117,0.9648915522133445,0.02531047051870272,0.018786190996990526
C1_b1_s3_lik0_h3-gen-high,C1,1.0,3,limb_reversal_s1,limb_reversal,1,True,0.895492362623455,0.9646087582213081,0.9751472706693419,0.9741466460513797,0.9964759535655058,0.9706889467196275,0.9872080569375346,0.9807356472385942,0.9342214350316551,0.8955306384885283,0.9673242292896062,0.027875528329265986,0.011574234082155854
C1_b1_s3_lik0_h3-gen-high,C1,1.0,3,limb_reversal_s2,limb_reversal,2,True,0.8804823495602868,0.9549606344791302,0.9675425734424037,0.9684427529337138,0.9953876451077943,0.96643867278455,0.9612182144831398,0.9754056610638144,0.9249109700030148,0.8732080756123721,0.9620911448813689,0.04288554139243417,0.021222357824333793
C1_b1_s3_lik0_h3-gen-high,C1,1.0,3,limb_reversal_s3,limb_reversal,3,True,0.8447322421356181,0.936235176389688,0.9619893759324999,0.9497353710751665,0.994187050856827,0.9419343240651965,0.9319807213930348,0.9600008489170244,0.8797553323786556,0.8480479152483528,0.9584856476404339,0.07863564881710283,0.03994781591377594
C1_b1_s3_lik0_h3-gen-high,C1,1.0,3,baseline_step_s1,baseline_step,1,True,0.9230878784958576,0.9761185555946119,0.9836201574317025,0.9824026720583571,0.9975728993919293,0.9753287220928639,0.9969596462133776,0.9863384995997964,0.9465184089538741,0.9396540187013773,0.9766719759082284,0.0002800124568633766,6.443670885203368e-05
C1_b1_s3_lik0_h3-gen-high,C1,1.0,3,baseline_step_s2,baseline_step,2,True,0.9223324847220392,0.9759099917660014,0.9835204764109688,0.9823580716777672,0.9976765478164732,0.9749263799479523,0.9969510088446656,0.9863991365301124,0.9463323409707568,0.9389480135847799,0.9760779501105368,0.001035406230681768,0.00027300053746259767
C1_b1_s3_lik0_h3-gen-high,C1,1.0,3,baseline_step_s3,baseline_step,3,True,0.9222408191858972,0.9761023241502913,0.9833178988527036,0.9821251585791311,0.9977110972913212,0.9762746541569647,0.9968300856826976,0.9861171748041427,0.9461768917696713,0.939702508063781,0.97666544815221,0.0011270717668238062,8.06681531726472e-05
C1_b1_s3_lik0_h3-gen-high,C1,1.0,3,seen_baseline_wander_s1,seen_baseline_wander,1,False,0.9232664977701326,0.9761278753564819,0.9839995884138498,0.9823233824928639,0.9975901741293531,0.9757182235310231,0.9970201077943617,0.9864355186883018,0.9464383290624059,0.93929519741959,0.976330356676589,0.00010139318258839403,5.5116946982014525e-05
C1_b1_s3_lik0_h3-gen-high,C1,1.0,3,seen_baseline_wander_s2,seen_baseline_wander,2,False,0.9228153075141233,0.9760943322956656,0.9839899418634563,0.9821846257532509,0.9975728993919293,0.9757781468292015,0.9970028330569375,0.9863657862184385,0.9465348959903527,0.9390546901820679,0.9763651713753547,0.0005525834385976536,8.866000779839123e-05
C1_b1_s3_lik0_h3-gen-high,C1,1.0,3,seen_baseline_wander_s3,seen_baseline_wander,3,False,0.9227975234285644,0.9762345356752518,0.9842053814889129,0.982506739613067,0.9976679104477612,0.9762404122722915,0.9969164593698177,0.9866810982560819,0.9465089877901719,0.9392253727377289,0.9761584591014327,0.0005703675241566231,-5.154337178780999e-05
C1_b1_s3_lik0_h3-gen-high,C1,1.0,3,seen_emg_bursts_s1,seen_emg_bursts,1,False,0.9234316091500636,0.976204071273308,0.9842986314760509,0.9824125832540438,0.9975988114980652,0.9757738665936173,0.9970546572692095,0.9862232894321958,0.9467751356647572,0.9391691250773405,0.9765305411944921,-6.371819734263262e-05,-2.1078969844046114e-05
C1_b1_s3_lik0_h3-gen-high,C1,1.0,3,seen_emg_bursts_s2,seen_emg_bursts,2,False,0.9224514619404752,0.9759230974224768,0.984639476256624,0.9811092610212496,0.9975556246545052,0.9750761881933981,0.9971151188501934,0.9863991365301122,0.9467751356647574,0.9383467454909742,0.9762911901404773,0.0009164290122457563,0.00025989488098709934
C1_b1_s3_lik0_h3-gen-high,C1,1.0,3,seen_emg_bursts_s3,seen_emg_bursts,3,False,0.9218915425219116,0.9760101023915085,0.9844272521479652,0.981223239771646,0.9976160862354891,0.9751361114915764,0.9964327667219458,0.9864597734604283,0.9480257951462165,0.9392816203981171,0.9754882761501906,0.0014763484308093489,0.00017288991195540948
C1_b1_s3_lik0_h3-gen-high,C1,1.0,3,seen_lead_scaling_s1,seen_lead_scaling,1,False,0.922658054732356,0.9757172913754881,0.9839031229099141,0.9816593323818585,0.9975124378109453,0.9750676277222299,0.9970460199004975,0.9860838244924689,0.944872060596925,0.9389286178398182,0.9763825787247375,0.0007098362203650233,0.00046570092797582063
C1_b1_s3_lik0_h3-gen-high,C1,1.0,3,seen_lead_scaling_s2,seen_lead_scaling,2,False,0.9231584579565137,0.976134320772725,0.9845044245511139,0.9829130986362195,0.9976074488667772,0.9756411792905082,0.9977110972913211,0.9868599772005142,0.945510344437745,0.9389926237981912,0.9754686928821348,0.0002094329962072372,4.867153073895292e-05
C1_b1_s3_lik0_h3-gen-high,C1,1.0,3,seen_lead_scaling_s3,seen_lead_scaling,3,False,0.9194152101220276,0.9736524165144252,0.9833500540206822,0.9808367031398668,0.9977456467661692,0.9744127516778524,0.9978320204532891,0.9848983725047903,0.9366685823032861,0.934624702032868,0.9725029157310217,0.003952680830693334,0.0025305757890387026
C1_b1_s4_lik0_h3-gen-high,C1,1.0,4,clean,clean,0,False,0.9242158461917253,0.9751069593937759,0.9838098729227761,0.9787057960672376,0.9974174267551134,0.9753287220928639,0.9985489220563847,0.9866629071769871,0.9472438385589388,0.9352570033186121,0.9729881455950702,,
C1_b1_s4_lik0_h3-gen-high,C1,1.0,4,lead_dropout_s1,lead_dropout,1,True,0.919014178286494,0.9703535900074027,0.9841410711529557,0.9796225816682524,0.9971237562189055,0.9522026092316122,0.998168877833057,0.9817695069004826,0.9421422784142297,0.9267228755355649,0.9712887531115637,0.005201667905231244,0.004753369386373163
C1_b1_s4_lik0_h3-gen-high,C1,1.0,4,lead_dropout_s2,lead_dropout,2,True,0.9063198662509587,0.9601557494400299,0.9818709162936667,0.9772488503013003,0.9945239082365948,0.909819716477195,0.9985575594250967,0.9673470130248126,0.9285663815194454,0.9130120234223016,0.970455376259857,0.017895979940766527,0.014951209953745992
C1_b1_s4_lik0_h3-gen-high,C1,1.0,4,lead_dropout_s3,lead_dropout,3,True,0.9008015392534828,0.9547533010454465,0.9802052785923754,0.9769267364414843,0.9895660585959093,0.901828516641556,0.9976765478164732,0.971688617235441,0.9072674856798313,0.90758121483309,0.9600392535728584,0.023414306938242424,0.020353658348329362
C1_b1_s4_lik0_h3-gen-high,C1,1.0,4,limb_reversal_s1,limb_reversal,1,True,0.8914111036122041,0.9645286525208969,0.972372279672789,0.969438828100222,0.9975728993919293,0.9578867620873853,0.9951285240464345,0.9814936088675448,0.9356534519143804,0.9089854667683004,0.9622260518390864,0.03280474257952115,0.010578306872878973
C1_b1_s4_lik0_h3-gen-high,C1,1.0,4,limb_reversal_s2,limb_reversal,2,True,0.8717698174198588,0.9543205078762479,0.9612562381025879,0.9622383444338725,0.9968300856826976,0.9352186344336392,0.9931073797678276,0.9764698391908608,0.9183090895387398,0.8897196732980719,0.9557352864379342,0.05244602877186644,0.020786451517528004
C1_b1_s4_lik0_h3-gen-high,C1,1.0,4,limb_reversal_s3,limb_reversal,3,True,0.8322436771592843,0.9368346979762635,0.9513588773987756,0.9548693704408501,0.9962945688225538,0.9076753184495274,0.9832694168048646,0.9588275243154091,0.8711208358456437,0.8630078533371348,0.9450885163716122,0.09197216903244099,0.03827226141751239
C1_b1_s4_lik0_h3-gen-high,C1,1.0,4,baseline_step_s1,baseline_step,1,True,0.9232470756301319,0.9750582954657643,0.9833018212687141,0.9783737710117348,0.9973915146489774,0.974969182303794,0.9985057352128247,0.9865780154745446,0.9473427607778113,0.9356080663024146,0.9734537921910631,0.0009687705615933906,4.866392801161634e-05
C1_b1_s4_lik0_h3-gen-high,C1,1.0,4,baseline_step_s2,baseline_step,2,True,0.9237957390913388,0.9750272265408427,0.9848259762308998,0.978745440849984,0.9974174267551134,0.9743999109710998,0.9984711857379768,0.9866598753304713,0.9463370515526078,0.9355653956634994,0.9728227757759326,0.0004201071003864243,7.973285293316756e-05
C1_b1_s4_lik0_h3-gen-high,C1,1.0,4,baseline_step_s3,baseline_step,3,True,0.9222037540278426,0.9749728929350057,0.9820799248855275,0.978284570250555,0.9973396904367053,0.9760392411998355,0.9984884604754007,0.9866871619491135,0.9462569716611395,0.9367485361061489,0.972831479450624,0.0020120921638826506,0.00013406645877023227
C1_b1_s4_lik0_h3-gen-high,C1,1.0,4,seen_baseline_wander_s1,seen_baseline_wander,1,False,0.924039779429105,0.9751099287850029,0.9838902608427227,0.9787553520456708,0.9974260641238254,0.9752859197370223,0.9985661967938088,0.9866356205583449,0.9472697467591197,0.935311311404504,0.9728488868000069,0.00017606676262027499,-2.9693912270145617e-06
C1_b1_s4_lik0_h3-gen-high,C1,1.0,4,seen_baseline_wander_s2,seen_baseline_wander,2,False,0.9236113227210713,0.9751792774651327,0.9832953902351186,0.9789981763399938,0.9974001520176894,0.9761676482673607,0.9985834715312327,0.9866538116374397,0.9472815232137474,0.9352647616165966,0.9729685623270147,0.0006045234706539837,-7.231807135676949e-05
C1_b1_s4_lik0_h3-gen-high,C1,1.0,4,seen_baseline_wander_s3,seen_baseline_wander,3,False,0.9236794612435958,0.9753917376655706,0.9836555281164789,0.9795135585156993,0.9974260641238253,0.9764758252294207,0.9985402846876728,0.9868690727400616,0.947354537232439,0.9361356305653664,0.9725551377791704,0.0005363849481294647,-0.0002847782717947389
C1_b1_s4_lik0_h3-gen-high,C1,1.0,4,seen_emg_bursts_s1,seen_emg_bursts,1,False,0.9240346975428848,0.9751272349522413,0.9839320625610948,0.978666151284491,0.9973915146489774,0.9751874743185865,0.9985575594250967,0.9866871619491134,0.9475217628881519,0.9350979582099279,0.9731034692847321,0.00018114864884044568,-2.027555846539908e-05
C1_b1_s4_lik0_h3-gen-high,C1,1.0,4,seen_emg_bursts_s2,seen_emg_bursts,2,False,0.9237203356181501,0.9751578854755683,0.9843532952616144,0.9783589042182048,0.9973051409618574,0.975405766333379,0.9985143725815367,0.9866083339397026,0.9476395274344286,0.9356565556648182,0.9725790728845718,0.0004955105735751086,-5.092608179235736e-05
C1_b1_s4_lik0_h3-gen-high,C1,1.0,4,seen_emg_bursts_s3,seen_emg_bursts,3,False,0.9226695403666432,0.9751787307569144,0.9845687348870711,0.9782944814462418,0.9974001520176894,0.9746995274619916,0.9985748341625207,0.9867508307259454,0.9477784895990353,0.9361104160969167,0.9724311104148171,0.0015463058250820838,-7.177136313851751e-05
C1_b1_s4_lik0_h3-gen-high,C1,1.0,4,seen_lead_scaling_s1,seen_lead_scaling,1,False,0.9240042759924526,0.9747567567856965,0.9834497350414159,0.9780367903583888,0.9973310530679934,0.9747851321736749,0.9985575594250967,0.9864385505348177,0.9460214425685861,0.9350979582099278,0.9730925896913677,0.0002115701992726482,0.0003502026080793863
C1_b1_s4_lik0_h3-gen-high,C1,1.0,4,seen_lead_scaling_s2,seen_lead_scaling,2,False,0.9235130965657457,0.9747387634407045,0.9839545711786798,0.9784332381858547,0.9974692509673854,0.9737963977537325,0.9985143725815367,0.9867659899585244,0.9466479499547784,0.9344249258597649,0.972642174526085,0.000702749625979604,0.00036819595307135966
C1_b1_s4_lik0_h3-gen-high,C1,1.0,4,seen_lead_scaling_s3,seen_lead_scaling,3,False,0.9196304870494895,0.9731293253030826,0.9843790193959973,0.9791022438947035,0.9975383499170812,0.973685111628544,0.9987562189054727,0.9855987290499406,0.9388425158275551,0.9307746466580162,0.9694870924504326,0.00458535914223579,0.001977634090693292
