run_id,arm,budget,seed,min_likelihood,n_train,best_val_macro_auroc,best_step,total_steps,flag_best_at_first_eval,test_macro_auroc,test_n_labels,test_e3_macro_auroc,sph_e3_macro_auroc,e3_degradation,sph_auroc_AF,sph_auroc_PR_PROL,sph_auroc_CRBBB,sph_auroc_IRBBB,sph_auroc_CLBBB,sph_auroc_LAFB,sph_auroc_LVH,sph_auroc_IMI,sph_auroc_ASMI,test_auroc_AF,test_auroc_PR_PROL,test_auroc_CRBBB,test_auroc_IRBBB,test_auroc_CLBBB,test_auroc_LAFB,test_auroc_LVH,test_auroc_IMI,test_auroc_ASMI,train_minutes_last_session
C1_b1_s0_lik0_h3-ecg-high,C1,1.0,0,0.0,17418,0.9271117571411476,5984,6800,False,0.9234039865004133,71,0.9759720474442588,0.9713335591992974,0.004638488244961381,0.9991217808490397,0.9943943029568272,0.9937986321272088,0.8049614865841799,0.99951544779225,0.9901683264197936,0.9890886379172783,0.9777149168387058,0.9932385013083929,0.9846748469414004,0.9795978036790358,0.9976074488667772,0.9755127722229832,0.9983934494195689,0.9857957990734677,0.9490362149532711,0.935864090135906,0.97726600170592,5.498691582679749
C1_b1_s0_lik0_h3-ecg-low,C1,1.0,0,0.0,17418,0.9266854042752086,5576,6800,False,0.9236286282831931,71,0.9761065557146149,0.9690599197422954,0.0070466359723194705,0.9990807341088752,0.9934244219922524,0.9950067474833323,0.7865923334964056,0.9991949641010432,0.9890694356248988,0.9879868763555418,0.9780431281668566,0.9931406363514532,0.9838709677419355,0.9804947668886774,0.9977197346600332,0.9755983769346664,0.9977542841348811,0.9864991874651338,0.9517919053361472,0.9328344747729242,0.9783953034971365,5.3654045502344765
C1_b1_s0_lik0_h3-gen-high,C1,1.0,0,0.0,17418,0.9270924778214574,5440,6800,False,0.9220372973908567,71,0.9754928954301388,0.9726900272104816,0.0028028682196572507,0.9991010160275448,0.9911795572735196,0.9948907481954071,0.8174271638584587,0.9991040806662235,0.9917592306566309,0.9903459714105632,0.9787747797888396,0.9916276970171466,0.9805332613057571,0.974379559150016,0.9974001520176893,0.9770536570332831,0.9978147457158651,0.9871116204613258,0.951777773590594,0.9370588680255326,0.9763064215711873,5.42056934038798
C1_b1_s0_lik0_h3-gen-low,C1,1.0,0,0.0,17418,0.9274377474705444,5712,6800,False,0.9198710493391514,71,0.9771199752876412,0.9698198623395565,0.007300112948084636,0.9989900087405411,0.9932014299699262,0.993874950470601,0.7892847734848649,0.9996431629348652,0.9923778288168286,0.9890183734830783,0.9789661809183393,0.9930220522369637,0.9871540103925502,0.9813322629241992,0.9977110972913212,0.9732656485412957,0.9982120646766168,0.9878544228576972,0.9521805283388605,0.9412056782982949,0.9751640642679339,5.456999305884043
C1_b1_s0_lik0_h3-gen-mid,C1,1.0,0,0.0,17418,0.925317126709342,6120,6800,False,0.9238033112715129,71,0.9767980883515618,0.971414566925428,0.005383521426133742,0.999038117934528,0.9938903880027605,0.9935082893550554,0.8041205096565779,0.9995532361677805,0.9920535531496935,0.9893365628314472,0.9783953062451359,0.9928351389858723,0.9850414158563564,0.9848556929908024,0.9977370093974571,0.9723368374195315,0.9986784825870647,0.9870388561449465,0.9519379333735304,0.9368998229168485,0.9766567444775184,5.49953932762146
C1_b1_s1_lik0_h3-gen-high,C1,1.0,1,0.0,17418,0.9263012444507304,6120,6800,False,0.9285663034784275,71,0.9760096552406937,0.9701962066463093,0.005813448594384374,0.9991593869065728,0.992749904707852,0.9937297790845245,0.7983491916044912,0.9993834276448276,0.9919922142584402,0.9896707473355687,0.9740869500379807,0.9926442582365265,0.9845944590214539,0.9797266492229623,0.9976851851851852,0.9751789138474182,0.9985748341625207,0.986693225642145,0.9471590480856195,0.9375980697354614,0.9768765122634777,5.519132220745087
C1_b1_s2_lik0_h3-gen-high,C1,1.0,2,0.0,17418,0.9274118483961947,5712,6800,False,0.926705759251728,71,0.9767607662742022,0.9677945082537871,0.008966258020415063,0.9988836493932326,0.9911436233181147,0.9925556595593176,0.7781214946915725,0.9994240860235627,0.9921077293254076,0.9902588549372667,0.9760229308539285,0.9916325461816797,0.9845526573030816,0.9828040754836663,0.997970218352681,0.9792579783591289,0.9983243504698729,0.9849438502025274,0.951311425987338,0.9357632322621064,0.9759191080474178,5.421014173825582
C1_b1_s3_lik0_h3-gen-high,C1,1.0,3,0.0,17418,0.9282247697391552,5576,6800,False,0.923367890952721,71,0.976182992303464,0.9690124637851988,0.007170528518265162,0.9990308140292928,0.991780023743277,0.9936751675385755,0.7863725162032313,0.9995164044599849,0.9917154729762464,0.9910707043009831,0.974588254561505,0.9933628162536943,0.9840606832330092,0.9825265620044402,0.9976074488667772,0.975842350362964,0.9970460199004975,0.9863445632928278,0.9464665925535122,0.9393766595484282,0.976376050968719,5.514836076895396
C1_b1_s4_lik0_h3-gen-high,C1,1.0,4,0.0,17418,0.9278583740714383,5440,6800,False,0.9242158461917253,71,0.9751069593937759,0.9700649784125661,0.0050419809812097816,0.999134698499621,0.992727068175445,0.9945776075433992,0.7945341121183732,0.9997560497275888,0.9903423152917986,0.9903383546697287,0.9756654268311762,0.9935091728559639,0.9838098729227761,0.9787057960672376,0.9974174267551134,0.9753287220928639,0.9985489220563847,0.9866629071769871,0.9472438385589388,0.9352570033186121,0.9729881455950702,4.489582824707031
