budget,arm,test_macro_auroc_mean,test_macro_auroc_std,test_e3_macro_auroc_mean,test_e3_macro_auroc_std,sph_e3_macro_auroc_mean,sph_e3_macro_auroc_std,e3_degradation_mean,e3_degradation_std
0.01,C0,0.69592,0.01102,0.85753,0.0128,0.88694,0.02115,-0.02941,0.01531
0.01,C1,0.6792,0.00822,0.8555,0.0142,0.87894,0.02426,-0.02345,0.01241
0.01,S0,0.67915,0.00966,0.80651,0.00833,0.848,0.00847,-0.04149,0.00485
0.01,S1,0.68767,0.01675,0.83073,0.0119,0.86318,0.01584,-0.03245,0.00889
0.05,C0,0.81023,0.00902,0.91967,0.00359,0.94246,0.00386,-0.02279,0.00623
0.05,C1,0.81192,0.01151,0.92043,0.00605,0.94639,0.00631,-0.02596,0.00462
0.05,S0,0.8112,0.00877,0.91374,0.00286,0.93538,0.00197,-0.02164,0.00407
0.05,S1,0.80165,0.00994,0.91507,0.0052,0.9419,0.00217,-0.02683,0.00418
0.1,C0,0.843,0.00743,0.9439,0.0042,0.95756,0.0036,-0.01365,0.00426
0.1,C1,0.85098,0.00652,0.94451,0.00262,0.95817,0.00471,-0.01366,0.00527
0.1,S0,0.84885,0.00378,0.93808,0.00574,0.95419,0.00297,-0.01612,0.00651
0.1,S1,0.85149,0.00749,0.94459,0.00414,0.95698,0.00429,-0.01239,0.00307
0.25,C0,0.88192,0.00413,0.96128,0.00232,0.96747,0.00231,-0.00619,0.00443
0.25,C1,0.8814,0.00427,0.96375,0.00203,0.96588,0.00191,-0.00213,0.00224
0.25,S0,0.88472,0.00604,0.96355,0.00242,0.96592,0.00146,-0.00237,0.00276
0.25,S1,0.88615,0.00297,0.96475,0.00153,0.96795,0.00216,-0.00321,0.00254
0.5,C0,0.90499,0.00689,0.97007,0.00193,0.96852,0.00239,0.00155,0.00339
0.5,C1,0.90545,0.00512,0.97067,0.00156,0.96886,0.0016,0.0018,0.00155
0.5,S0,0.90493,0.00386,0.97084,0.00078,0.96808,0.00248,0.00276,0.00296
0.5,S1,0.9044,0.00387,0.97187,0.00143,0.96985,0.00184,0.00202,0.00166
1.0,C0,0.92205,0.00234,0.97576,0.00047,0.96778,0.00338,0.00798,0.00366
1.0,C1,0.92257,0.00271,0.97608,0.00045,0.97211,0.00137,0.00397,0.00141
1.0,S0,0.92277,0.0012,0.97587,0.00059,0.9694,0.00251,0.00647,0.00233
1.0,S1,0.92488,0.00173,0.97639,0.00071,0.97053,0.00146,0.00586,0.00147
