contrast,budget,label,metric,n_seeds,resampling,estimate,ci95_lo,ci95_hi,p_two_sided,boot_sd,n_boot
C1-S1,0.01,AF,test_auroc,5,patients,0.089543,0.073766,0.105456,0.0002,0.008146,10000
C1-S1,0.01,AF,sph_auroc,5,patients,0.065095,0.058007,0.0724,0.0002,0.003648,10000
C1-S1,0.01,AF,degradation,5,patients,0.024448,0.007284,0.041741,0.005,0.008903,10000
C1-S1,0.01,PR_PROL,test_auroc,5,patients,0.120199,0.09486,0.146442,0.0002,0.013159,10000
C1-S1,0.01,PR_PROL,sph_auroc,5,patients,0.113429,0.098709,0.128371,0.0002,0.007539,10000
C1-S1,0.01,PR_PROL,degradation,5,patients,0.00677,-0.023276,0.037068,0.656134,0.015285,10000
C1-S1,0.01,CRBBB,test_auroc,5,patients,0.002249,-0.018366,0.023087,0.889311,0.010643,10000
C1-S1,0.01,CRBBB,sph_auroc,5,patients,-0.03711,-0.042134,-0.032096,0.0002,0.002552,10000
C1-S1,0.01,CRBBB,degradation,5,patients,0.039359,0.018104,0.060778,0.0002,0.010927,10000
C1-S1,0.01,IRBBB,test_auroc,5,patients,-0.010197,-0.037289,0.016033,0.436356,0.013381,10000
C1-S1,0.01,IRBBB,sph_auroc,5,patients,-0.019659,-0.027719,-0.011568,0.0002,0.004118,10000
C1-S1,0.01,IRBBB,degradation,5,patients,0.009462,-0.018366,0.037023,0.50015,0.013989,10000
C1-S1,0.01,CLBBB,test_auroc,5,patients,0.039312,0.017029,0.066362,0.0002,0.012591,10000
C1-S1,0.01,CLBBB,sph_auroc,5,patients,0.022448,0.008521,0.038678,0.0012,0.007718,10000
C1-S1,0.01,CLBBB,degradation,5,patients,0.016864,-0.011368,0.047393,0.234377,0.014796,10000
C1-S1,0.01,LAFB,test_auroc,5,patients,-0.002925,-0.011928,0.005919,0.520548,0.004514,10000
C1-S1,0.01,LAFB,sph_auroc,5,patients,0.000889,-0.006818,0.0082,0.814719,0.003846,10000
C1-S1,0.01,LAFB,degradation,5,patients,-0.003813,-0.015314,0.007834,0.525747,0.00593,10000
C1-S1,0.01,LVH,test_auroc,5,patients,-0.013203,-0.026882,0.000494,0.058594,0.006936,10000
C1-S1,0.01,LVH,sph_auroc,5,patients,0.002018,-0.00578,0.009695,0.59514,0.00397,10000
C1-S1,0.01,LVH,degradation,5,patients,-0.015221,-0.030952,0.000183,0.053795,0.007978,10000
C1-S1,0.01,IMI,test_auroc,5,patients,-0.021201,-0.034246,-0.008225,0.0012,0.006671,10000
C1-S1,0.01,IMI,sph_auroc,5,patients,-0.024703,-0.040829,-0.009185,0.0018,0.008094,10000
C1-S1,0.01,IMI,degradation,5,patients,0.003502,-0.016976,0.024732,0.735326,0.010515,10000
C1-S1,0.01,ASMI,test_auroc,5,patients,0.019061,0.007799,0.030329,0.0004,0.005719,10000
C1-S1,0.01,ASMI,sph_auroc,5,patients,0.019442,0.000169,0.038374,0.048595,0.009772,10000
C1-S1,0.01,ASMI,degradation,5,patients,-0.000382,-0.022396,0.022124,0.987301,0.011361,10000
C0-S0,0.01,AF,test_auroc,5,patients,0.144656,0.123454,0.166441,0.0002,0.010785,10000
C0-S0,0.01,AF,sph_auroc,5,patients,0.133286,0.12566,0.141117,0.0002,0.003941,10000
C0-S0,0.01,AF,degradation,5,patients,0.01137,-0.01128,0.034518,0.326567,0.011502,10000
C0-S0,0.01,PR_PROL,test_auroc,5,patients,0.165745,0.132945,0.200208,0.0002,0.016705,10000
C0-S0,0.01,PR_PROL,sph_auroc,5,patients,0.17366,0.154258,0.193383,0.0002,0.010055,10000
C0-S0,0.01,PR_PROL,degradation,5,patients,-0.007915,-0.045518,0.031407,0.661534,0.019466,10000
C0-S0,0.01,CRBBB,test_auroc,5,patients,0.049878,0.012626,0.09121,0.006399,0.020212,10000
C0-S0,0.01,CRBBB,sph_auroc,5,patients,-0.017228,-0.024743,-0.009792,0.0002,0.003786,10000
C0-S0,0.01,CRBBB,degradation,5,patients,0.067107,0.0288,0.109041,0.0006,0.020601,10000
C0-S0,0.01,IRBBB,test_auroc,5,patients,-0.022767,-0.043991,-0.001769,0.034997,0.01094,10000
C0-S0,0.01,IRBBB,sph_auroc,5,patients,0.003048,-0.003422,0.009643,0.366963,0.00336,10000
C0-S0,0.01,IRBBB,degradation,5,patients,-0.025815,-0.047886,-0.003765,0.022798,0.011415,10000
C0-S0,0.01,CLBBB,test_auroc,5,patients,0.064884,0.034666,0.102,0.0002,0.017113,10000
C0-S0,0.01,CLBBB,sph_auroc,5,patients,0.021442,0.009349,0.034539,0.0006,0.00635,10000
C0-S0,0.01,CLBBB,degradation,5,patients,0.043442,0.010729,0.082551,0.006799,0.018315,10000
C0-S0,0.01,LAFB,test_auroc,5,patients,0.019137,0.00651,0.031994,0.0024,0.006446,10000
C0-S0,0.01,LAFB,sph_auroc,5,patients,0.022466,0.015072,0.030364,0.0002,0.003899,10000
C0-S0,0.01,LAFB,degradation,5,patients,-0.003329,-0.017795,0.011623,0.667733,0.00753,10000
C0-S0,0.01,LVH,test_auroc,5,patients,-0.005388,-0.015726,0.004796,0.313369,0.005296,10000
C0-S0,0.01,LVH,sph_auroc,5,patients,-0.02269,-0.032068,-0.013263,0.0002,0.004853,10000
C0-S0,0.01,LVH,degradation,5,patients,0.017302,0.003105,0.031281,0.013599,0.00716,10000
C0-S0,0.01,IMI,test_auroc,5,patients,0.011754,0.000734,0.022539,0.033397,0.005464,10000
C0-S0,0.01,IMI,sph_auroc,5,patients,0.0113,-0.001767,0.023912,0.090391,0.006571,10000
C0-S0,0.01,IMI,degradation,5,patients,0.000454,-0.01616,0.017372,0.937106,0.008498,10000
C0-S0,0.01,ASMI,test_auroc,5,patients,0.031321,0.01778,0.045506,0.0002,0.006965,10000
C0-S0,0.01,ASMI,sph_auroc,5,patients,0.025152,0.006211,0.044906,0.009799,0.009842,10000
C0-S0,0.01,ASMI,degradation,5,patients,0.006169,-0.018251,0.029588,0.612739,0.01216,10000
S1-S0,0.01,AF,test_auroc,5,patients,0.048572,0.034678,0.062368,0.0002,0.007104,10000
S1-S0,0.01,AF,sph_auroc,5,patients,0.048712,0.042444,0.055217,0.0002,0.003256,10000
S1-S0,0.01,AF,degradation,5,patients,-0.00014,-0.01586,0.014957,0.975702,0.007842,10000
S1-S0,0.01,PR_PROL,test_auroc,5,patients,0.028742,-0.001802,0.059796,0.062194,0.015467,10000
S1-S0,0.01,PR_PROL,sph_auroc,5,patients,0.017535,0.00219,0.033177,0.025197,0.007874,10000
S1-S0,0.01,PR_PROL,degradation,5,patients,0.011207,-0.023357,0.045029,0.520548,0.017342,10000
S1-S0,0.01,CRBBB,test_auroc,5,patients,0.038543,0.00772,0.070706,0.012999,0.01609,10000
S1-S0,0.01,CRBBB,sph_auroc,5,patients,0.016002,0.010732,0.021394,0.0002,0.002737,10000
S1-S0,0.01,CRBBB,degradation,5,patients,0.022541,-0.008616,0.055155,0.171783,0.016349,10000
S1-S0,0.01,IRBBB,test_auroc,5,patients,0.003946,-0.014812,0.02396,0.69633,0.010011,10000
S1-S0,0.01,IRBBB,sph_auroc,5,patients,0.002883,-0.003712,0.009517,0.40236,0.003367,10000
S1-S0,0.01,IRBBB,degradation,5,patients,0.001063,-0.018909,0.022127,0.916708,0.010511,10000
S1-S0,0.01,CLBBB,test_auroc,5,patients,0.040191,0.014536,0.068963,0.003,0.013797,10000
S1-S0,0.01,CLBBB,sph_auroc,5,patients,0.00635,-0.007001,0.019723,0.348965,0.006842,10000
S1-S0,0.01,CLBBB,degradation,5,patients,0.033841,0.004576,0.065528,0.021798,0.015484,10000
S1-S0,0.01,LAFB,test_auroc,5,patients,0.030997,0.020618,0.041505,0.0002,0.005313,10000
S1-S0,0.01,LAFB,sph_auroc,5,patients,0.02712,0.018971,0.035564,0.0002,0.00422,10000
S1-S0,0.01,LAFB,degradation,5,patients,0.003877,-0.009509,0.016973,0.571943,0.006773,10000
S1-S0,0.01,LVH,test_auroc,5,patients,0.003209,-0.005389,0.011953,0.485351,0.004503,10000
S1-S0,0.01,LVH,sph_auroc,5,patients,-0.00572,-0.01249,0.001555,0.125987,0.00363,10000
S1-S0,0.01,LVH,degradation,5,patients,0.008929,-0.002408,0.020212,0.124988,0.005788,10000
S1-S0,0.01,IMI,test_auroc,5,patients,0.020951,0.010594,0.031775,0.0002,0.005403,10000
S1-S0,0.01,IMI,sph_auroc,5,patients,0.02677,0.015256,0.037972,0.0002,0.005845,10000
S1-S0,0.01,IMI,degradation,5,patients,-0.005819,-0.021231,0.010579,0.467753,0.008019,10000
S1-S0,0.01,ASMI,test_auroc,5,patients,0.002904,-0.010585,0.01635,0.670133,0.006842,10000
S1-S0,0.01,ASMI,sph_auroc,5,patients,-0.003026,-0.019034,0.014017,0.719728,0.008425,10000
S1-S0,0.01,ASMI,degradation,5,patients,0.00593,-0.015957,0.026738,0.584942,0.010873,10000
C1-C0,0.01,AF,test_auroc,5,patients,-0.006541,-0.01955,0.006821,0.331767,0.006708,10000
C1-C0,0.01,AF,sph_auroc,5,patients,-0.019479,-0.024919,-0.013851,0.0002,0.002811,10000
C1-C0,0.01,AF,degradation,5,patients,0.012937,-0.001368,0.027385,0.072993,0.007304,10000
C1-C0,0.01,PR_PROL,test_auroc,5,patients,-0.016804,-0.032853,-0.000967,0.039596,0.008042,10000
C1-C0,0.01,PR_PROL,sph_auroc,5,patients,-0.042697,-0.054831,-0.030729,0.0002,0.006192,10000
C1-C0,0.01,PR_PROL,degradation,5,patients,0.025892,0.005586,0.045645,0.012199,0.010195,10000
C1-C0,0.01,CRBBB,test_auroc,5,patients,-0.009087,-0.028197,0.009337,0.326567,0.00954,10000
C1-C0,0.01,CRBBB,sph_auroc,5,patients,-0.003879,-0.010685,0.002909,0.266973,0.003508,10000
C1-C0,0.01,CRBBB,degradation,5,patients,-0.005207,-0.025549,0.014484,0.607939,0.010147,10000
C1-C0,0.01,IRBBB,test_auroc,5,patients,0.016517,-0.0056,0.0389,0.144186,0.011394,10000
C1-C0,0.01,IRBBB,sph_auroc,5,patients,-0.019824,-0.026825,-0.012602,0.0002,0.003624,10000
C1-C0,0.01,IRBBB,degradation,5,patients,0.036341,0.013086,0.059642,0.0034,0.011929,10000
C1-C0,0.01,CLBBB,test_auroc,5,patients,0.014619,0.000962,0.027811,0.037996,0.006833,10000
C1-C0,0.01,CLBBB,sph_auroc,5,patients,0.007356,-0.002473,0.01872,0.156984,0.005433,10000
C1-C0,0.01,CLBBB,degradation,5,patients,0.007263,-0.010627,0.024074,0.39976,0.008775,10000
C1-C0,0.01,LAFB,test_auroc,5,patients,0.008935,0.000516,0.017763,0.038596,0.004412,10000
C1-C0,0.01,LAFB,sph_auroc,5,patients,0.005542,-0.001392,0.012149,0.111389,0.003416,10000
C1-C0,0.01,LAFB,degradation,5,patients,0.003393,-0.007434,0.014382,0.547945,0.00554,10000
C1-C0,0.01,LVH,test_auroc,5,patients,-0.004606,-0.016181,0.007071,0.429757,0.005923,10000
C1-C0,0.01,LVH,sph_auroc,5,patients,0.018988,0.01151,0.026352,0.0002,0.003806,10000
C1-C0,0.01,LVH,degradation,5,patients,-0.023595,-0.037404,-0.009864,0.0014,0.00702,10000
C1-C0,0.01,IMI,test_auroc,5,patients,-0.012004,-0.023965,-0.000285,0.045195,0.005996,10000
C1-C0,0.01,IMI,sph_auroc,5,patients,-0.009233,-0.022592,0.003589,0.163384,0.006722,10000
C1-C0,0.01,IMI,degradation,5,patients,-0.002771,-0.020311,0.014747,0.743926,0.008958,10000
C1-C0,0.01,ASMI,test_auroc,5,patients,-0.009357,-0.019133,0.000236,0.056994,0.004957,10000
C1-C0,0.01,ASMI,sph_auroc,5,patients,-0.008736,-0.026506,0.008871,0.316968,0.009083,10000
C1-C0,0.01,ASMI,degradation,5,patients,-0.000621,-0.020862,0.020227,0.965703,0.010386,10000
C1-S1,0.05,AF,test_auroc,5,patients,0.01023,0.004528,0.01617,0.0006,0.002959,10000
C1-S1,0.05,AF,sph_auroc,5,patients,0.007898,0.00582,0.010047,0.0002,0.001086,10000
C1-S1,0.05,AF,degradation,5,patients,0.002332,-0.003726,0.00857,0.455954,0.003151,10000
C1-S1,0.05,PR_PROL,test_auroc,5,patients,0.03179,0.017943,0.046215,0.0002,0.007197,10000
C1-S1,0.05,PR_PROL,sph_auroc,5,patients,0.02262,0.015915,0.029676,0.0002,0.003495,10000
C1-S1,0.05,PR_PROL,degradation,5,patients,0.00917,-0.006275,0.025118,0.248975,0.00799,10000
C1-S1,0.05,CRBBB,test_auroc,5,patients,0.001896,-0.000455,0.004467,0.123588,0.001262,10000
C1-S1,0.05,CRBBB,sph_auroc,5,patients,0.002065,0.000297,0.004167,0.017798,0.000988,10000
C1-S1,0.05,CRBBB,degradation,5,patients,-0.000169,-0.003316,0.002978,0.905709,0.001603,10000
C1-S1,0.05,IRBBB,test_auroc,5,patients,-0.004355,-0.023536,0.015027,0.648335,0.009827,10000
C1-S1,0.05,IRBBB,sph_auroc,5,patients,-0.009743,-0.015612,-0.003691,0.002,0.00304,10000
C1-S1,0.05,IRBBB,degradation,5,patients,0.005388,-0.014692,0.025794,0.605139,0.010315,10000
C1-S1,0.05,CLBBB,test_auroc,5,patients,0.002976,-0.001576,0.008523,0.227377,0.002577,10000
C1-S1,0.05,CLBBB,sph_auroc,5,patients,0.001692,-0.000831,0.005546,0.322768,0.001694,10000
C1-S1,0.05,CLBBB,degradation,5,patients,0.001283,-0.004663,0.007431,0.685131,0.003092,10000
C1-S1,0.05,LAFB,test_auroc,5,patients,-0.010707,-0.017241,-0.00462,0.001,0.003228,10000
C1-S1,0.05,LAFB,sph_auroc,5,patients,-0.004697,-0.008164,-0.001312,0.005799,0.001733,10000
C1-S1,0.05,LAFB,degradation,5,patients,-0.00601,-0.013359,0.001131,0.09839,0.003684,10000
C1-S1,0.05,LVH,test_auroc,5,patients,-0.001824,-0.008357,0.005012,0.569343,0.003367,10000
C1-S1,0.05,LVH,sph_auroc,5,patients,0.005316,0.001662,0.009562,0.001,0.002012,10000
C1-S1,0.05,LVH,degradation,5,patients,-0.007141,-0.014768,0.000409,0.066193,0.00391,10000
C1-S1,0.05,IMI,test_auroc,5,patients,0.015193,0.006097,0.024478,0.0012,0.004672,10000
C1-S1,0.05,IMI,sph_auroc,5,patients,0.001522,-0.005528,0.008196,0.664334,0.0035,10000
C1-S1,0.05,IMI,degradation,5,patients,0.013672,0.002286,0.025322,0.018798,0.00584,10000
C1-S1,0.05,ASMI,test_auroc,5,patients,0.003058,-0.002961,0.009138,0.318968,0.00309,10000
C1-S1,0.05,ASMI,sph_auroc,5,patients,0.01371,0.005835,0.022343,0.0006,0.004201,10000
C1-S1,0.05,ASMI,degradation,5,patients,-0.010652,-0.021178,-0.000864,0.033397,0.005218,10000
C0-S0,0.05,AF,test_auroc,5,patients,0.013649,0.00733,0.020383,0.0004,0.00336,10000
C0-S0,0.05,AF,sph_auroc,5,patients,0.01621,0.014094,0.018384,0.0002,0.001096,10000
C0-S0,0.05,AF,degradation,5,patients,-0.002562,-0.009301,0.004565,0.491551,0.003547,10000
C0-S0,0.05,PR_PROL,test_auroc,5,patients,0.028125,0.013518,0.043124,0.0006,0.007484,10000
C0-S0,0.05,PR_PROL,sph_auroc,5,patients,0.040624,0.031628,0.050025,0.0002,0.004688,10000
C0-S0,0.05,PR_PROL,degradation,5,patients,-0.012499,-0.029972,0.004932,0.159984,0.008892,10000
C0-S0,0.05,CRBBB,test_auroc,5,patients,-0.002337,-0.006883,0.002117,0.289171,0.00229,10000
C0-S0,0.05,CRBBB,sph_auroc,5,patients,0.002909,0.000952,0.005081,0.0032,0.001062,10000
C0-S0,0.05,CRBBB,degradation,5,patients,-0.005246,-0.01027,-0.000352,0.034597,0.002517,10000
C0-S0,0.05,IRBBB,test_auroc,5,patients,-0.016654,-0.032913,-0.001225,0.036396,0.008091,10000
C0-S0,0.05,IRBBB,sph_auroc,5,patients,-0.004215,-0.008528,0.000177,0.060194,0.002243,10000
C0-S0,0.05,IRBBB,degradation,5,patients,-0.012439,-0.029298,0.003654,0.125987,0.008425,10000
C0-S0,0.05,CLBBB,test_auroc,5,patients,0.005974,0.001612,0.011527,0.0038,0.002541,10000
C0-S0,0.05,CLBBB,sph_auroc,5,patients,0.00536,0.000868,0.01207,0.004,0.002925,10000
C0-S0,0.05,CLBBB,degradation,5,patients,0.000614,-0.0072,0.00795,0.840516,0.00384,10000
C0-S0,0.05,LAFB,test_auroc,5,patients,0.002242,-0.004834,0.009298,0.540546,0.003582,10000
C0-S0,0.05,LAFB,sph_auroc,5,patients,-0.003865,-0.006894,-0.001289,0.0034,0.001426,10000
C0-S0,0.05,LAFB,degradation,5,patients,0.006107,-0.001444,0.013817,0.111989,0.003883,10000
C0-S0,0.05,LVH,test_auroc,5,patients,0.002566,-0.004767,0.010016,0.487951,0.003777,10000
C0-S0,0.05,LVH,sph_auroc,5,patients,0.000995,-0.002508,0.00524,0.623738,0.001967,10000
C0-S0,0.05,LVH,degradation,5,patients,0.001571,-0.006796,0.009679,0.70313,0.004225,10000
C0-S0,0.05,IMI,test_auroc,5,patients,0.013823,0.004119,0.023478,0.005,0.005002,10000
C0-S0,0.05,IMI,sph_auroc,5,patients,0.000892,-0.007218,0.008754,0.820118,0.004052,10000
C0-S0,0.05,IMI,degradation,5,patients,0.012931,0.00032,0.025494,0.045995,0.006467,10000
C0-S0,0.05,ASMI,test_auroc,5,patients,0.005962,-4e-05,0.011716,0.052595,0.002976,10000
C0-S0,0.05,ASMI,sph_auroc,5,patients,0.004827,-0.003571,0.012968,0.251575,0.004172,10000
C0-S0,0.05,ASMI,degradation,5,patients,0.001135,-0.008754,0.011277,0.813719,0.005118,10000
S1-S0,0.05,AF,test_auroc,5,patients,0.006535,2.1e-05,0.012816,0.048995,0.003261,10000
S1-S0,0.05,AF,sph_auroc,5,patients,0.010276,0.008172,0.012479,0.0002,0.001093,10000
S1-S0,0.05,AF,degradation,5,patients,-0.003741,-0.010632,0.002812,0.287771,0.003437,10000
S1-S0,0.05,PR_PROL,test_auroc,5,patients,0.016482,5.9e-05,0.033354,0.050195,0.008539,10000
S1-S0,0.05,PR_PROL,sph_auroc,5,patients,0.04308,0.034231,0.052338,0.0002,0.004674,10000
S1-S0,0.05,PR_PROL,degradation,5,patients,-0.026597,-0.045462,-0.007399,0.007999,0.009702,10000
S1-S0,0.05,CRBBB,test_auroc,5,patients,-0.000877,-0.003445,0.001377,0.469153,0.001223,10000
S1-S0,0.05,CRBBB,sph_auroc,5,patients,0.000865,-0.001348,0.003021,0.440156,0.001117,10000
S1-S0,0.05,CRBBB,degradation,5,patients,-0.001741,-0.005046,0.001438,0.284972,0.001663,10000
S1-S0,0.05,IRBBB,test_auroc,5,patients,-0.024119,-0.045072,-0.005257,0.011399,0.010207,10000
S1-S0,0.05,IRBBB,sph_auroc,5,patients,0.002612,-0.002389,0.007568,0.29857,0.002542,10000
S1-S0,0.05,IRBBB,degradation,5,patients,-0.026731,-0.048288,-0.00713,0.006199,0.010543,10000
S1-S0,0.05,CLBBB,test_auroc,5,patients,0.000705,-0.004537,0.004881,0.711729,0.002389,10000
S1-S0,0.05,CLBBB,sph_auroc,5,patients,0.003283,-0.001134,0.010631,0.285371,0.003122,10000
S1-S0,0.05,CLBBB,degradation,5,patients,-0.002578,-0.011156,0.004035,0.561344,0.003925,10000
S1-S0,0.05,LAFB,test_auroc,5,patients,0.006646,0.000607,0.013009,0.030797,0.003155,10000
S1-S0,0.05,LAFB,sph_auroc,5,patients,0.001178,-0.001597,0.003704,0.388961,0.001364,10000
S1-S0,0.05,LAFB,degradation,5,patients,0.005468,-0.001227,0.012491,0.108589,0.003467,10000
S1-S0,0.05,LVH,test_auroc,5,patients,-0.003347,-0.010947,0.004327,0.390161,0.003849,10000
S1-S0,0.05,LVH,sph_auroc,5,patients,-0.006076,-0.009445,-0.002814,0.0002,0.001683,10000
S1-S0,0.05,LVH,degradation,5,patients,0.002729,-0.005559,0.010974,0.50335,0.004206,10000
S1-S0,0.05,IMI,test_auroc,5,patients,0.011942,0.003582,0.020434,0.004,0.004285,10000
S1-S0,0.05,IMI,sph_auroc,5,patients,0.012063,0.005699,0.018982,0.0006,0.003388,10000
S1-S0,0.05,IMI,degradation,5,patients,-0.000122,-0.010879,0.010535,0.9975,0.005452,10000
S1-S0,0.05,ASMI,test_auroc,5,patients,-0.002066,-0.008058,0.003602,0.493951,0.002987,10000
S1-S0,0.05,ASMI,sph_auroc,5,patients,-0.008619,-0.018088,-0.000239,0.043196,0.00461,10000
S1-S0,0.05,ASMI,degradation,5,patients,0.006553,-0.003826,0.017643,0.223978,0.005494,10000
C1-C0,0.05,AF,test_auroc,5,patients,0.003117,-0.001239,0.007508,0.159784,0.002218,10000
C1-C0,0.05,AF,sph_auroc,5,patients,0.001963,0.000472,0.003447,0.010199,0.000758,10000
C1-C0,0.05,AF,degradation,5,patients,0.001154,-0.00349,0.00569,0.638136,0.002343,10000
C1-C0,0.05,PR_PROL,test_auroc,5,patients,0.020147,0.008573,0.032162,0.0006,0.006024,10000
C1-C0,0.05,PR_PROL,sph_auroc,5,patients,0.025076,0.017979,0.032194,0.0002,0.003611,10000
C1-C0,0.05,PR_PROL,degradation,5,patients,-0.004929,-0.018538,0.009118,0.489351,0.007026,10000
C1-C0,0.05,CRBBB,test_auroc,5,patients,0.003356,-5.8e-05,0.007741,0.055994,0.002022,10000
C1-C0,0.05,CRBBB,sph_auroc,5,patients,2.1e-05,-0.001401,0.001367,0.970703,0.000704,10000
C1-C0,0.05,CRBBB,degradation,5,patients,0.003336,-0.000343,0.007914,0.086591,0.002135,10000
C1-C0,0.05,IRBBB,test_auroc,5,patients,-0.011821,-0.028223,0.004188,0.143386,0.008233,10000
C1-C0,0.05,IRBBB,sph_auroc,5,patients,-0.002917,-0.007601,0.001802,0.228577,0.002413,10000
C1-C0,0.05,IRBBB,degradation,5,patients,-0.008904,-0.025923,0.007399,0.291571,0.008578,10000
C1-C0,0.05,CLBBB,test_auroc,5,patients,-0.002293,-0.006332,0.000842,0.176582,0.001836,10000
C1-C0,0.05,CLBBB,sph_auroc,5,patients,-0.000385,-0.001556,0.000596,0.469553,0.000545,10000
C1-C0,0.05,CLBBB,degradation,5,patients,-0.001909,-0.006146,0.001429,0.310969,0.001915,10000
C1-C0,0.05,LAFB,test_auroc,5,patients,-0.006303,-0.013634,0.000739,0.077392,0.003678,10000
C1-C0,0.05,LAFB,sph_auroc,5,patients,0.000345,-0.003013,0.003766,0.836716,0.001726,10000
C1-C0,0.05,LAFB,degradation,5,patients,-0.006648,-0.014761,0.001148,0.092791,0.004064,10000
C1-C0,0.05,LVH,test_auroc,5,patients,-0.007738,-0.014936,-0.000278,0.043196,0.003741,10000
C1-C0,0.05,LVH,sph_auroc,5,patients,-0.001755,-0.004508,0.001045,0.212579,0.001412,10000
C1-C0,0.05,LVH,degradation,5,patients,-0.005983,-0.013618,0.001822,0.138986,0.003982,10000
C1-C0,0.05,IMI,test_auroc,5,patients,0.013312,0.004835,0.022499,0.002,0.004493,10000
C1-C0,0.05,IMI,sph_auroc,5,patients,0.012693,0.007259,0.018236,0.0002,0.00283,10000
C1-C0,0.05,IMI,degradation,5,patients,0.000618,-0.009652,0.011158,0.908309,0.005291,10000
C1-C0,0.05,ASMI,test_auroc,5,patients,-0.00497,-0.010653,0.00057,0.074393,0.002854,10000
C1-C0,0.05,ASMI,sph_auroc,5,patients,0.000264,-0.006695,0.007382,0.934107,0.00361,10000
C1-C0,0.05,ASMI,degradation,5,patients,-0.005234,-0.014385,0.003795,0.242576,0.004601,10000
C1-S1,0.1,AF,test_auroc,5,patients,0.003233,-3.7e-05,0.0065,0.052795,0.001659,10000
C1-S1,0.1,AF,sph_auroc,5,patients,0.003413,0.002225,0.005168,0.0002,0.000785,10000
C1-S1,0.1,AF,degradation,5,patients,-0.00018,-0.003739,0.003364,0.926907,0.001835,10000
C1-S1,0.1,PR_PROL,test_auroc,5,patients,0.004326,-0.00588,0.014895,0.389161,0.00524,10000
C1-S1,0.1,PR_PROL,sph_auroc,5,patients,0.01098,0.007297,0.014886,0.0002,0.001928,10000
C1-S1,0.1,PR_PROL,degradation,5,patients,-0.006654,-0.017681,0.004474,0.241576,0.005577,10000
C1-S1,0.1,CRBBB,test_auroc,5,patients,-0.000455,-0.001597,0.000619,0.417558,0.000562,10000
C1-S1,0.1,CRBBB,sph_auroc,5,patients,0.001431,0.000412,0.002534,0.006999,0.00055,10000
C1-S1,0.1,CRBBB,degradation,5,patients,-0.001886,-0.003445,-0.000368,0.013399,0.000788,10000
C1-S1,0.1,IRBBB,test_auroc,5,patients,-0.005862,-0.016403,0.005245,0.287971,0.005494,10000
C1-S1,0.1,IRBBB,sph_auroc,5,patients,-0.002495,-0.006385,0.001445,0.212379,0.001996,10000
C1-S1,0.1,IRBBB,degradation,5,patients,-0.003367,-0.014584,0.008495,0.554745,0.005827,10000
C1-S1,0.1,CLBBB,test_auroc,5,patients,-0.000249,-0.00168,0.001078,0.731727,0.000696,10000
C1-S1,0.1,CLBBB,sph_auroc,5,patients,0.000495,-0.000241,0.001418,0.216778,0.000429,10000
C1-S1,0.1,CLBBB,degradation,5,patients,-0.000744,-0.002417,0.000807,0.354165,0.00082,10000
C1-S1,0.1,LAFB,test_auroc,5,patients,-0.002166,-0.006086,0.001969,0.281972,0.00206,10000
C1-S1,0.1,LAFB,sph_auroc,5,patients,-0.003093,-0.004877,-0.001553,0.0004,0.00085,10000
C1-S1,0.1,LAFB,degradation,5,patients,0.000927,-0.003334,0.005369,0.676132,0.002222,10000
C1-S1,0.1,LVH,test_auroc,5,patients,0.000437,-0.005624,0.007016,0.889111,0.003208,10000
C1-S1,0.1,LVH,sph_auroc,5,patients,-3e-05,-0.002301,0.00188,0.972903,0.001049,10000
C1-S1,0.1,LVH,degradation,5,patients,0.000467,-0.005928,0.007418,0.886511,0.003378,10000
C1-S1,0.1,IMI,test_auroc,5,patients,-0.001074,-0.008825,0.006832,0.778322,0.003951,10000
C1-S1,0.1,IMI,sph_auroc,5,patients,-0.004983,-0.010537,0.000285,0.063994,0.002737,10000
C1-S1,0.1,IMI,degradation,5,patients,0.003909,-0.00554,0.013505,0.412159,0.004769,10000
C1-S1,0.1,ASMI,test_auroc,5,patients,0.001122,-0.003164,0.005425,0.606139,0.002178,10000
C1-S1,0.1,ASMI,sph_auroc,5,patients,0.005,-0.000645,0.011427,0.084392,0.003029,10000
C1-S1,0.1,ASMI,degradation,5,patients,-0.003878,-0.01135,0.003108,0.289371,0.003715,10000
C0-S0,0.1,AF,test_auroc,5,patients,0.002796,-0.000233,0.00603,0.070793,0.001582,10000
C0-S0,0.1,AF,sph_auroc,5,patients,0.002883,0.00179,0.004461,0.0002,0.000698,10000
C0-S0,0.1,AF,degradation,5,patients,-8.6e-05,-0.003438,0.00345,0.953905,0.001739,10000
C0-S0,0.1,PR_PROL,test_auroc,5,patients,0.009991,-0.003057,0.023188,0.129587,0.006678,10000
C0-S0,0.1,PR_PROL,sph_auroc,5,patients,0.014367,0.00867,0.019941,0.0002,0.002887,10000
C0-S0,0.1,PR_PROL,degradation,5,patients,-0.004376,-0.018612,0.010087,0.561744,0.007279,10000
C0-S0,0.1,CRBBB,test_auroc,5,patients,0.000988,-1.7e-05,0.002137,0.054395,0.000552,10000
C0-S0,0.1,CRBBB,sph_auroc,5,patients,0.003512,0.001393,0.006087,0.0004,0.001193,10000
C0-S0,0.1,CRBBB,degradation,5,patients,-0.002523,-0.005251,-0.000172,0.036996,0.00131,10000
C0-S0,0.1,IRBBB,test_auroc,5,patients,0.013148,0.002945,0.023514,0.011999,0.00522,10000
C0-S0,0.1,IRBBB,sph_auroc,5,patients,-0.011062,-0.015932,-0.006228,0.0002,0.002452,10000
C0-S0,0.1,IRBBB,degradation,5,patients,0.024211,0.013052,0.035609,0.0006,0.005772,10000
C0-S0,0.1,CLBBB,test_auroc,5,patients,0.003171,-0.000369,0.006888,0.079992,0.001828,10000
C0-S0,0.1,CLBBB,sph_auroc,5,patients,0.002356,0.000285,0.00512,0.012799,0.001259,10000
C0-S0,0.1,CLBBB,degradation,5,patients,0.000815,-0.003604,0.005199,0.70473,0.002228,10000
C0-S0,0.1,LAFB,test_auroc,5,patients,0.004601,0.000824,0.008472,0.017998,0.001964,10000
C0-S0,0.1,LAFB,sph_auroc,5,patients,0.002154,0.000519,0.00418,0.005399,0.000949,10000
C0-S0,0.1,LAFB,degradation,5,patients,0.002446,-0.001843,0.006716,0.261974,0.002191,10000
C0-S0,0.1,LVH,test_auroc,5,patients,-0.005908,-0.011556,-0.000375,0.036196,0.002853,10000
C0-S0,0.1,LVH,sph_auroc,5,patients,0.002325,0.00011,0.004971,0.037196,0.001242,10000
C0-S0,0.1,LVH,degradation,5,patients,-0.008232,-0.014412,-0.002204,0.007599,0.003113,10000
C0-S0,0.1,IMI,test_auroc,5,patients,0.015279,0.005726,0.025334,0.0018,0.004967,10000
C0-S0,0.1,IMI,sph_auroc,5,patients,-0.002806,-0.009591,0.003956,0.405559,0.003407,10000
C0-S0,0.1,IMI,degradation,5,patients,0.018085,0.006446,0.029928,0.0018,0.006023,10000
C0-S0,0.1,ASMI,test_auroc,5,patients,0.008367,0.002961,0.014107,0.0024,0.002815,10000
C0-S0,0.1,ASMI,sph_auroc,5,patients,0.016536,0.006696,0.030451,0.0002,0.006134,10000
C0-S0,0.1,ASMI,degradation,5,patients,-0.008169,-0.022806,0.003508,0.20138,0.006795,10000
S1-S0,0.1,AF,test_auroc,5,patients,-0.00041,-0.003537,0.002778,0.781722,0.001607,10000
S1-S0,0.1,AF,sph_auroc,5,patients,0.001193,0.000511,0.001924,0.0006,0.00036,10000
S1-S0,0.1,AF,degradation,5,patients,-0.001603,-0.004787,0.001665,0.328567,0.001646,10000
S1-S0,0.1,PR_PROL,test_auroc,5,patients,0.015541,0.005464,0.025744,0.0028,0.005155,10000
S1-S0,0.1,PR_PROL,sph_auroc,5,patients,0.019907,0.015299,0.024765,0.0002,0.002411,10000
S1-S0,0.1,PR_PROL,degradation,5,patients,-0.004366,-0.015271,0.006992,0.457954,0.005677,10000
S1-S0,0.1,CRBBB,test_auroc,5,patients,0.000809,-0.000612,0.002477,0.329767,0.000802,10000
S1-S0,0.1,CRBBB,sph_auroc,5,patients,0.001792,-0.000199,0.004194,0.083592,0.001127,10000
S1-S0,0.1,CRBBB,degradation,5,patients,-0.000982,-0.003799,0.001644,0.474353,0.00138,10000
S1-S0,0.1,IRBBB,test_auroc,5,patients,0.020007,0.010793,0.029165,0.0002,0.004662,10000
S1-S0,0.1,IRBBB,sph_auroc,5,patients,-0.013564,-0.017805,-0.009404,0.0002,0.002134,10000
S1-S0,0.1,IRBBB,degradation,5,patients,0.033571,0.023441,0.04381,0.0002,0.00515,10000
S1-S0,0.1,CLBBB,test_auroc,5,patients,0.003523,0.001134,0.006986,0.0006,0.001495,10000
S1-S0,0.1,CLBBB,sph_auroc,5,patients,0.001406,-0.000317,0.003497,0.117988,0.000972,10000
S1-S0,0.1,CLBBB,degradation,5,patients,0.002118,-0.001097,0.005959,0.205179,0.001779,10000
S1-S0,0.1,LAFB,test_auroc,5,patients,0.000334,-0.003852,0.004534,0.876112,0.002121,10000
S1-S0,0.1,LAFB,sph_auroc,5,patients,0.000525,-0.000946,0.00208,0.49555,0.000758,10000
S1-S0,0.1,LAFB,degradation,5,patients,-0.000191,-0.004683,0.00429,0.933107,0.002265,10000
S1-S0,0.1,LVH,test_auroc,5,patients,-0.006416,-0.011876,-0.00128,0.011799,0.002688,10000
S1-S0,0.1,LVH,sph_auroc,5,patients,-0.000217,-0.002156,0.001916,0.811719,0.001042,10000
S1-S0,0.1,LVH,degradation,5,patients,-0.006199,-0.012004,-0.000686,0.027197,0.002873,10000
S1-S0,0.1,IMI,test_auroc,5,patients,0.017232,0.009975,0.024857,0.0002,0.003798,10000
S1-S0,0.1,IMI,sph_auroc,5,patients,0.005518,-0.000473,0.012221,0.072593,0.003219,10000
S1-S0,0.1,IMI,degradation,5,patients,0.011715,0.001919,0.021404,0.021398,0.00497,10000
S1-S0,0.1,ASMI,test_auroc,5,patients,0.007961,0.003198,0.013048,0.0002,0.002516,10000
S1-S0,0.1,ASMI,sph_auroc,5,patients,0.008516,0.001028,0.018683,0.020998,0.004565,10000
S1-S0,0.1,ASMI,degradation,5,patients,-0.000554,-0.011803,0.008706,0.966103,0.005213,10000
C1-C0,0.1,AF,test_auroc,5,patients,2.7e-05,-0.002838,0.002505,0.948705,0.001352,10000
C1-C0,0.1,AF,sph_auroc,5,patients,0.001723,0.001048,0.002535,0.0002,0.000382,10000
C1-C0,0.1,AF,degradation,5,patients,-0.001697,-0.004631,0.000876,0.211179,0.001404,10000
C1-C0,0.1,PR_PROL,test_auroc,5,patients,0.009877,0.00127,0.018637,0.022398,0.004421,10000
C1-C0,0.1,PR_PROL,sph_auroc,5,patients,0.016521,0.012494,0.020682,0.0002,0.002096,10000
C1-C0,0.1,PR_PROL,degradation,5,patients,-0.006644,-0.016129,0.003099,0.180982,0.004917,10000
C1-C0,0.1,CRBBB,test_auroc,5,patients,-0.000634,-0.001664,0.000181,0.144586,0.000474,10000
C1-C0,0.1,CRBBB,sph_auroc,5,patients,-0.000289,-0.00165,0.001066,0.666333,0.000688,10000
C1-C0,0.1,CRBBB,degradation,5,patients,-0.000345,-0.002017,0.001228,0.682532,0.000833,10000
C1-C0,0.1,IRBBB,test_auroc,5,patients,0.000996,-0.008416,0.010573,0.843716,0.004914,10000
C1-C0,0.1,IRBBB,sph_auroc,5,patients,-0.004997,-0.009418,-0.000584,0.025197,0.002257,10000
C1-C0,0.1,IRBBB,degradation,5,patients,0.005993,-0.00439,0.016577,0.273373,0.005408,10000
C1-C0,0.1,CLBBB,test_auroc,5,patients,0.000104,-0.001801,0.002177,0.926907,0.001003,10000
C1-C0,0.1,CLBBB,sph_auroc,5,patients,-0.000455,-0.002162,0.000759,0.60454,0.00076,10000
C1-C0,0.1,CLBBB,degradation,5,patients,0.000559,-0.001761,0.003193,0.675732,0.001257,10000
C1-C0,0.1,LAFB,test_auroc,5,patients,-0.006432,-0.011002,-0.0021,0.003,0.002279,10000
C1-C0,0.1,LAFB,sph_auroc,5,patients,-0.004722,-0.007057,-0.002961,0.0002,0.001052,10000
C1-C0,0.1,LAFB,degradation,5,patients,-0.00171,-0.006668,0.003177,0.50395,0.0025,10000
C1-C0,0.1,LVH,test_auroc,5,patients,-7.1e-05,-0.005821,0.005779,0.973303,0.002968,10000
C1-C0,0.1,LVH,sph_auroc,5,patients,-0.002572,-0.005388,-0.00038,0.018398,0.001306,10000
C1-C0,0.1,LVH,degradation,5,patients,0.0025,-0.003672,0.008834,0.445955,0.003238,10000
C1-C0,0.1,IMI,test_auroc,5,patients,0.00088,-0.005149,0.006719,0.772923,0.003027,10000
C1-C0,0.1,IMI,sph_auroc,5,patients,0.003341,-0.000956,0.007435,0.121988,0.002124,10000
C1-C0,0.1,IMI,degradation,5,patients,-0.002461,-0.009767,0.004831,0.492751,0.003687,10000
C1-C0,0.1,ASMI,test_auroc,5,patients,0.000716,-0.003778,0.005205,0.768723,0.002286,10000
C1-C0,0.1,ASMI,sph_auroc,5,patients,-0.00302,-0.010888,0.005333,0.427757,0.004077,10000
C1-C0,0.1,ASMI,degradation,5,patients,0.003736,-0.005591,0.01268,0.408959,0.004663,10000
C1-S1,0.25,AF,test_auroc,5,patients,0.000375,-0.001701,0.002433,0.719328,0.001042,10000
C1-S1,0.25,AF,sph_auroc,5,patients,0.000887,8.5e-05,0.002334,0.008399,0.000653,10000
C1-S1,0.25,AF,degradation,5,patients,-0.000512,-0.003023,0.001843,0.666333,0.001232,10000
C1-S1,0.25,PR_PROL,test_auroc,5,patients,0.004668,-0.001707,0.011232,0.145385,0.003267,10000
C1-S1,0.25,PR_PROL,sph_auroc,5,patients,0.001852,-0.00036,0.004084,0.09699,0.001121,10000
C1-S1,0.25,PR_PROL,degradation,5,patients,0.002816,-0.00388,0.009728,0.383762,0.00345,10000
C1-S1,0.25,CRBBB,test_auroc,5,patients,0.000397,-0.00015,0.000991,0.156184,0.000286,10000
C1-S1,0.25,CRBBB,sph_auroc,5,patients,-0.00031,-0.000993,0.000434,0.392961,0.000365,10000
C1-S1,0.25,CRBBB,degradation,5,patients,0.000707,-0.000206,0.0016,0.128587,0.00046,10000
C1-S1,0.25,IRBBB,test_auroc,5,patients,-0.007053,-0.016051,-0.000187,0.041196,0.004082,10000
C1-S1,0.25,IRBBB,sph_auroc,5,patients,-0.016186,-0.019621,-0.012778,0.0002,0.001751,10000
C1-S1,0.25,IRBBB,degradation,5,patients,0.009133,-0.000436,0.016884,0.059594,0.004459,10000
C1-S1,0.25,CLBBB,test_auroc,5,patients,0.000414,-5.8e-05,0.000996,0.092191,0.000269,10000
C1-S1,0.25,CLBBB,sph_auroc,5,patients,-0.000202,-0.001278,0.000475,0.79512,0.000474,10000
C1-S1,0.25,CLBBB,degradation,5,patients,0.000615,-0.000283,0.001799,0.235776,0.000543,10000
C1-S1,0.25,LAFB,test_auroc,5,patients,-0.003775,-0.005953,-0.001505,0.0018,0.001148,10000
C1-S1,0.25,LAFB,sph_auroc,5,patients,-0.001085,-0.001881,-0.000409,0.0016,0.000379,10000
C1-S1,0.25,LAFB,degradation,5,patients,-0.002691,-0.005012,-0.000228,0.030597,0.001215,10000
C1-S1,0.25,LVH,test_auroc,5,patients,-0.004167,-0.008475,-5.9e-05,0.047195,0.002124,10000
C1-S1,0.25,LVH,sph_auroc,5,patients,-0.001324,-0.002687,-7.3e-05,0.038996,0.000667,10000
C1-S1,0.25,LVH,degradation,5,patients,-0.002842,-0.007399,0.00146,0.190581,0.00223,10000
C1-S1,0.25,IMI,test_auroc,5,patients,0.000757,-0.00421,0.005706,0.762524,0.002522,10000
C1-S1,0.25,IMI,sph_auroc,5,patients,-0.002488,-0.00511,0.00019,0.066193,0.00133,10000
C1-S1,0.25,IMI,degradation,5,patients,0.003246,-0.002358,0.008811,0.254775,0.002853,10000
C1-S1,0.25,ASMI,test_auroc,5,patients,-0.000638,-0.002854,0.001637,0.558344,0.001149,10000
C1-S1,0.25,ASMI,sph_auroc,5,patients,0.000176,-0.00163,0.001919,0.831917,0.000896,10000
C1-S1,0.25,ASMI,degradation,5,patients,-0.000814,-0.00367,0.002043,0.566743,0.001456,10000
C0-S0,0.25,AF,test_auroc,5,patients,0.000887,-0.001123,0.002882,0.376162,0.001013,10000
C0-S0,0.25,AF,sph_auroc,5,patients,0.000599,0.000198,0.001201,0.0002,0.000263,10000
C0-S0,0.25,AF,degradation,5,patients,0.000287,-0.001787,0.002332,0.781322,0.001042,10000
C0-S0,0.25,PR_PROL,test_auroc,5,patients,-0.001398,-0.006516,0.003649,0.592941,0.002626,10000
C0-S0,0.25,PR_PROL,sph_auroc,5,patients,0.002023,0.000402,0.003714,0.010799,0.000838,10000
C0-S0,0.25,PR_PROL,degradation,5,patients,-0.003422,-0.008911,0.00196,0.216578,0.002758,10000
C0-S0,0.25,CRBBB,test_auroc,5,patients,-0.000272,-0.001025,0.000417,0.446155,0.000367,10000
C0-S0,0.25,CRBBB,sph_auroc,5,patients,-0.000456,-0.001669,0.000943,0.481952,0.00066,10000
C0-S0,0.25,CRBBB,degradation,5,patients,0.000183,-0.001389,0.001584,0.816718,0.000755,10000
C0-S0,0.25,IRBBB,test_auroc,5,patients,-0.010345,-0.016966,-0.004073,0.0014,0.003292,10000
C0-S0,0.25,IRBBB,sph_auroc,5,patients,0.011,0.006843,0.015313,0.0002,0.002156,10000
C0-S0,0.25,IRBBB,degradation,5,patients,-0.021345,-0.029233,-0.013907,0.0002,0.003902,10000
C0-S0,0.25,CLBBB,test_auroc,5,patients,0.001156,-0.00026,0.003485,0.157984,0.000974,10000
C0-S0,0.25,CLBBB,sph_auroc,5,patients,0.000908,-0.00038,0.00316,0.360964,0.000958,10000
C0-S0,0.25,CLBBB,degradation,5,patients,0.000248,-0.002446,0.002972,0.841716,0.001357,10000
C0-S0,0.25,LAFB,test_auroc,5,patients,-0.00321,-0.005392,-0.001106,0.0036,0.001088,10000
C0-S0,0.25,LAFB,sph_auroc,5,patients,-0.000289,-0.001173,0.000789,0.523748,0.000506,10000
C0-S0,0.25,LAFB,degradation,5,patients,-0.002921,-0.005346,-0.000598,0.014599,0.001198,10000
C0-S0,0.25,LVH,test_auroc,5,patients,-0.005243,-0.010122,-0.00036,0.034597,0.002499,10000
C0-S0,0.25,LVH,sph_auroc,5,patients,-0.003496,-0.005233,-0.002074,0.0002,0.000811,10000
C0-S0,0.25,LVH,degradation,5,patients,-0.001747,-0.006833,0.003327,0.508949,0.002614,10000
C0-S0,0.25,IMI,test_auroc,5,patients,-0.005572,-0.011086,-7e-05,0.046795,0.002824,10000
C0-S0,0.25,IMI,sph_auroc,5,patients,-0.001001,-0.004546,0.002529,0.60014,0.001814,10000
C0-S0,0.25,IMI,degradation,5,patients,-0.004571,-0.011068,0.001949,0.167983,0.003336,10000
C0-S0,0.25,ASMI,test_auroc,5,patients,0.003547,0.000835,0.006414,0.009599,0.001445,10000
C0-S0,0.25,ASMI,sph_auroc,5,patients,0.004682,0.001855,0.007882,0.0004,0.001567,10000
C0-S0,0.25,ASMI,degradation,5,patients,-0.001135,-0.005386,0.00302,0.59894,0.002141,10000
S1-S0,0.25,AF,test_auroc,5,patients,0.001484,-0.000184,0.003459,0.086391,0.000938,10000
S1-S0,0.25,AF,sph_auroc,5,patients,5.7e-05,-0.000236,0.000307,0.628337,0.000139,10000
S1-S0,0.25,AF,degradation,5,patients,0.001427,-0.000264,0.003419,0.108589,0.000948,10000
S1-S0,0.25,PR_PROL,test_auroc,5,patients,-0.006881,-0.012886,-0.001292,0.012399,0.00294,10000
S1-S0,0.25,PR_PROL,sph_auroc,5,patients,-0.000687,-0.002226,0.000923,0.406759,0.000805,10000
S1-S0,0.25,PR_PROL,degradation,5,patients,-0.006195,-0.012291,-0.00047,0.031997,0.003035,10000
S1-S0,0.25,CRBBB,test_auroc,5,patients,-0.000473,-0.000981,-2.8e-05,0.037596,0.000244,10000
S1-S0,0.25,CRBBB,sph_auroc,5,patients,0.00054,-6.3e-05,0.00122,0.080392,0.00033,10000
S1-S0,0.25,CRBBB,degradation,5,patients,-0.001013,-0.001838,-0.000236,0.007399,0.00041,10000
S1-S0,0.25,IRBBB,test_auroc,5,patients,-0.000542,-0.006593,0.005989,0.832517,0.003185,10000
S1-S0,0.25,IRBBB,sph_auroc,5,patients,0.013226,0.009533,0.016931,0.0002,0.001888,10000
S1-S0,0.25,IRBBB,degradation,5,patients,-0.013768,-0.020855,-0.00639,0.0006,0.003697,10000
S1-S0,0.25,CLBBB,test_auroc,5,patients,0.000993,-4.6e-05,0.002866,0.076192,0.000771,10000
S1-S0,0.25,CLBBB,sph_auroc,5,patients,0.000733,-0.000333,0.002687,0.443956,0.000824,10000
S1-S0,0.25,CLBBB,degradation,5,patients,0.00026,-0.002012,0.002475,0.775722,0.001122,10000
S1-S0,0.25,LAFB,test_auroc,5,patients,0.002976,0.000401,0.005545,0.022798,0.00131,10000
S1-S0,0.25,LAFB,sph_auroc,5,patients,0.000545,-0.000498,0.002137,0.50355,0.000696,10000
S1-S0,0.25,LAFB,degradation,5,patients,0.002431,-0.000535,0.005263,0.106789,0.001485,10000
S1-S0,0.25,LVH,test_auroc,5,patients,0.002617,-0.000768,0.006113,0.125387,0.001745,10000
S1-S0,0.25,LVH,sph_auroc,5,patients,-0.000684,-0.001734,0.00031,0.186181,0.000521,10000
S1-S0,0.25,LVH,degradation,5,patients,0.003301,-0.000217,0.00691,0.065993,0.001815,10000
S1-S0,0.25,IMI,test_auroc,5,patients,0.007233,0.003064,0.011754,0.0004,0.002217,10000
S1-S0,0.25,IMI,sph_auroc,5,patients,0.003108,0.000325,0.006318,0.027197,0.001527,10000
S1-S0,0.25,IMI,degradation,5,patients,0.004126,-0.001169,0.009473,0.128787,0.002709,10000
S1-S0,0.25,ASMI,test_auroc,5,patients,0.003383,0.000601,0.006159,0.015998,0.00143,10000
S1-S0,0.25,ASMI,sph_auroc,5,patients,0.001498,-0.000978,0.003858,0.216378,0.001224,10000
S1-S0,0.25,ASMI,degradation,5,patients,0.001885,-0.001793,0.00568,0.314569,0.001891,10000
C1-C0,0.25,AF,test_auroc,5,patients,0.000972,-0.001229,0.003251,0.39536,0.001148,10000
C1-C0,0.25,AF,sph_auroc,5,patients,0.000345,-7.7e-05,0.001047,0.244776,0.000314,10000
C1-C0,0.25,AF,degradation,5,patients,0.000627,-0.001645,0.003024,0.605139,0.001192,10000
C1-C0,0.25,PR_PROL,test_auroc,5,patients,-0.000815,-0.007613,0.00595,0.824318,0.003461,10000
C1-C0,0.25,PR_PROL,sph_auroc,5,patients,-0.000858,-0.00277,0.001137,0.39556,0.000994,10000
C1-C0,0.25,PR_PROL,degradation,5,patients,4.3e-05,-0.007105,0.007091,0.979102,0.003614,10000
C1-C0,0.25,CRBBB,test_auroc,5,patients,0.000196,-0.000353,0.000793,0.480952,0.00029,10000
C1-C0,0.25,CRBBB,sph_auroc,5,patients,0.000685,-0.000476,0.001772,0.231977,0.000565,10000
C1-C0,0.25,CRBBB,degradation,5,patients,-0.000489,-0.001689,0.000801,0.432957,0.000636,10000
C1-C0,0.25,IRBBB,test_auroc,5,patients,0.00275,-0.002522,0.007994,0.29737,0.002662,10000
C1-C0,0.25,IRBBB,sph_auroc,5,patients,-0.01396,-0.017984,-0.009969,0.0002,0.002052,10000
C1-C0,0.25,IRBBB,degradation,5,patients,0.01671,0.01005,0.023244,0.0002,0.003354,10000
C1-C0,0.25,CLBBB,test_auroc,5,patients,0.000251,-0.000427,0.001,0.477952,0.000358,10000
C1-C0,0.25,CLBBB,sph_auroc,5,patients,-0.000376,-0.001412,0.000266,0.477552,0.000451,10000
C1-C0,0.25,CLBBB,degradation,5,patients,0.000628,-0.000363,0.001841,0.264574,0.000573,10000
C1-C0,0.25,LAFB,test_auroc,5,patients,0.002411,0.00021,0.004828,0.030997,0.001176,10000
C1-C0,0.25,LAFB,sph_auroc,5,patients,-0.000251,-0.000972,0.000434,0.486951,0.000357,10000
C1-C0,0.25,LAFB,degradation,5,patients,0.002661,0.000336,0.005176,0.021198,0.001227,10000
C1-C0,0.25,LVH,test_auroc,5,patients,0.003693,-0.000822,0.008425,0.115388,0.002357,10000
C1-C0,0.25,LVH,sph_auroc,5,patients,0.001487,0.000119,0.003015,0.032597,0.000744,10000
C1-C0,0.25,LVH,degradation,5,patients,0.002206,-0.002588,0.00707,0.381162,0.002472,10000
C1-C0,0.25,IMI,test_auroc,5,patients,0.013563,0.007629,0.019781,0.0002,0.003124,10000
C1-C0,0.25,IMI,sph_auroc,5,patients,0.00162,-0.001258,0.00514,0.317768,0.001643,10000
C1-C0,0.25,IMI,degradation,5,patients,0.011943,0.005193,0.018817,0.001,0.003506,10000
C1-C0,0.25,ASMI,test_auroc,5,patients,-0.000802,-0.004079,0.002118,0.614539,0.001579,10000
C1-C0,0.25,ASMI,sph_auroc,5,patients,-0.003008,-0.005577,-0.000906,0.0028,0.001199,10000
C1-C0,0.25,ASMI,degradation,5,patients,0.002205,-0.00178,0.006033,0.265173,0.001982,10000
C1-S1,0.5,AF,test_auroc,5,patients,-0.001162,-0.004726,0.001603,0.509949,0.001622,10000
C1-S1,0.5,AF,sph_auroc,5,patients,0.000925,-0.000119,0.00296,0.292371,0.000928,10000
C1-S1,0.5,AF,degradation,5,patients,-0.002087,-0.006169,0.001152,0.258574,0.001877,10000
C1-S1,0.5,PR_PROL,test_auroc,5,patients,7e-05,-0.004419,0.004016,0.945705,0.002144,10000
C1-S1,0.5,PR_PROL,sph_auroc,5,patients,-0.000246,-0.00137,0.000835,0.670933,0.000565,10000
C1-S1,0.5,PR_PROL,degradation,5,patients,0.000316,-0.004292,0.004441,0.861714,0.002214,10000
C1-S1,0.5,CRBBB,test_auroc,5,patients,0.00016,-0.000338,0.000622,0.505749,0.000243,10000
C1-S1,0.5,CRBBB,sph_auroc,5,patients,-0.000518,-0.001731,0.000785,0.416358,0.000641,10000
C1-S1,0.5,CRBBB,degradation,5,patients,0.000678,-0.000721,0.001978,0.335766,0.000689,10000
C1-S1,0.5,IRBBB,test_auroc,5,patients,-0.00124,-0.006206,0.004316,0.60294,0.002657,10000
C1-S1,0.5,IRBBB,sph_auroc,5,patients,-0.007002,-0.010161,-0.00381,0.0002,0.001642,10000
C1-S1,0.5,IRBBB,degradation,5,patients,0.005762,-0.000189,0.012028,0.057194,0.003103,10000
C1-S1,0.5,CLBBB,test_auroc,5,patients,0.000475,0.000134,0.000903,0.0044,0.000199,10000
C1-S1,0.5,CLBBB,sph_auroc,5,patients,-0.00037,-0.001106,0.000122,0.236976,0.00032,10000
C1-S1,0.5,CLBBB,degradation,5,patients,0.000845,0.000195,0.001655,0.0032,0.000376,10000
C1-S1,0.5,LAFB,test_auroc,5,patients,-0.000882,-0.002724,0.000897,0.338966,0.000927,10000
C1-S1,0.5,LAFB,sph_auroc,5,patients,-0.000107,-0.001718,0.000973,0.968703,0.0007,10000
C1-S1,0.5,LAFB,degradation,5,patients,-0.000775,-0.00297,0.001629,0.49635,0.001169,10000
C1-S1,0.5,LVH,test_auroc,5,patients,-0.003142,-0.006278,-0.000151,0.040196,0.00156,10000
C1-S1,0.5,LVH,sph_auroc,5,patients,-0.000903,-0.001908,0.000169,0.092191,0.000526,10000
C1-S1,0.5,LVH,degradation,5,patients,-0.002239,-0.005568,0.000972,0.169183,0.001653,10000
C1-S1,0.5,IMI,test_auroc,5,patients,-0.005163,-0.010058,-0.000781,0.020798,0.00237,10000
C1-S1,0.5,IMI,sph_auroc,5,patients,-0.001222,-0.004087,0.000852,0.323768,0.001269,10000
C1-S1,0.5,IMI,degradation,5,patients,-0.003942,-0.009332,0.001226,0.134987,0.002692,10000
C1-S1,0.5,ASMI,test_auroc,5,patients,6.2e-05,-0.0023,0.002716,1.0,0.001282,10000
C1-S1,0.5,ASMI,sph_auroc,5,patients,0.00053,-0.001185,0.0022,0.49615,0.000851,10000
C1-S1,0.5,ASMI,degradation,5,patients,-0.000468,-0.003366,0.002602,0.718928,0.001532,10000
C0-S0,0.5,AF,test_auroc,5,patients,0.000424,-0.001829,0.002234,0.633937,0.00104,10000
C0-S0,0.5,AF,sph_auroc,5,patients,-0.000167,-0.000721,0.000148,0.636736,0.000241,10000
C0-S0,0.5,AF,degradation,5,patients,0.000592,-0.001705,0.002473,0.534947,0.001068,10000
C0-S0,0.5,PR_PROL,test_auroc,5,patients,-0.000758,-0.007521,0.004237,0.867313,0.002999,10000
C0-S0,0.5,PR_PROL,sph_auroc,5,patients,-0.001745,-0.003727,-0.00012,0.028197,0.000927,10000
C0-S0,0.5,PR_PROL,degradation,5,patients,0.000987,-0.005941,0.006307,0.691131,0.003129,10000
C0-S0,0.5,CRBBB,test_auroc,5,patients,-0.000162,-0.000569,0.000212,0.39956,0.000198,10000
C0-S0,0.5,CRBBB,sph_auroc,5,patients,-0.000323,-0.000788,0.000101,0.135986,0.000225,10000
C0-S0,0.5,CRBBB,degradation,5,patients,0.000162,-0.000418,0.000747,0.590541,0.000298,10000
C0-S0,0.5,IRBBB,test_auroc,5,patients,-0.005679,-0.010606,-0.001787,0.0026,0.002247,10000
C0-S0,0.5,IRBBB,sph_auroc,5,patients,0.010994,0.007355,0.014628,0.0002,0.001865,10000
C0-S0,0.5,IRBBB,degradation,5,patients,-0.016673,-0.022607,-0.011197,0.0002,0.002915,10000
C0-S0,0.5,CLBBB,test_auroc,5,patients,-0.000253,-0.000906,0.000208,0.351565,0.000284,10000
C0-S0,0.5,CLBBB,sph_auroc,5,patients,0.000275,-0.000149,0.000885,0.272173,0.000267,10000
C0-S0,0.5,CLBBB,degradation,5,patients,-0.000528,-0.001383,0.00013,0.131187,0.000391,10000
C0-S0,0.5,LAFB,test_auroc,5,patients,-0.000547,-0.002125,0.00108,0.488351,0.000817,10000
C0-S0,0.5,LAFB,sph_auroc,5,patients,-0.001064,-0.002497,-9.3e-05,0.027397,0.000613,10000
C0-S0,0.5,LAFB,degradation,5,patients,0.000517,-0.00139,0.002636,0.614139,0.001022,10000
C0-S0,0.5,LVH,test_auroc,5,patients,-0.001639,-0.004972,0.001695,0.321368,0.001683,10000
C0-S0,0.5,LVH,sph_auroc,5,patients,-3.3e-05,-0.000746,0.000664,0.931507,0.000358,10000
C0-S0,0.5,LVH,degradation,5,patients,-0.001606,-0.005013,0.001801,0.341166,0.001723,10000
C0-S0,0.5,IMI,test_auroc,5,patients,0.003409,-0.000476,0.007312,0.088191,0.001984,10000
C0-S0,0.5,IMI,sph_auroc,5,patients,-0.002534,-0.005311,0.000882,0.127787,0.001575,10000
C0-S0,0.5,IMI,degradation,5,patients,0.005943,0.000838,0.010663,0.023998,0.002522,10000
C0-S0,0.5,ASMI,test_auroc,5,patients,-0.00167,-0.003836,0.000352,0.111189,0.001061,10000
C0-S0,0.5,ASMI,sph_auroc,5,patients,-0.001414,-0.003312,0.000101,0.071993,0.000868,10000
C0-S0,0.5,ASMI,degradation,5,patients,-0.000256,-0.002872,0.002466,0.861514,0.001367,10000
S1-S0,0.5,AF,test_auroc,5,patients,0.00066,-0.00068,0.002088,0.355564,0.000703,10000
S1-S0,0.5,AF,sph_auroc,5,patients,-0.0008,-0.002551,8.4e-05,0.306769,0.000803,10000
S1-S0,0.5,AF,degradation,5,patients,0.001459,-0.000387,0.003817,0.141986,0.001078,10000
S1-S0,0.5,PR_PROL,test_auroc,5,patients,0.002637,0.000254,0.005152,0.028997,0.001258,10000
S1-S0,0.5,PR_PROL,sph_auroc,5,patients,0.000191,-0.001144,0.001641,0.816718,0.000713,10000
S1-S0,0.5,PR_PROL,degradation,5,patients,0.002446,-0.000349,0.005219,0.090791,0.001446,10000
S1-S0,0.5,CRBBB,test_auroc,5,patients,-0.000155,-0.000569,0.00025,0.441156,0.000207,10000
S1-S0,0.5,CRBBB,sph_auroc,5,patients,-0.000375,-0.001592,0.00063,0.505749,0.000561,10000
S1-S0,0.5,CRBBB,degradation,5,patients,0.000219,-0.000863,0.001474,0.734927,0.000599,10000
S1-S0,0.5,IRBBB,test_auroc,5,patients,0.000129,-0.002856,0.003114,0.928907,0.001524,10000
S1-S0,0.5,IRBBB,sph_auroc,5,patients,0.014826,0.011661,0.017944,0.0002,0.001624,10000
S1-S0,0.5,IRBBB,degradation,5,patients,-0.014697,-0.019071,-0.010275,0.0002,0.002228,10000
S1-S0,0.5,CLBBB,test_auroc,5,patients,-0.000758,-0.001684,-0.000134,0.007399,0.000407,10000
S1-S0,0.5,CLBBB,sph_auroc,5,patients,0.00017,-0.000177,0.000732,0.60194,0.000242,10000
S1-S0,0.5,CLBBB,degradation,5,patients,-0.000929,-0.001971,-0.000156,0.009599,0.000471,10000
S1-S0,0.5,LAFB,test_auroc,5,patients,0.000856,-0.000807,0.002518,0.310169,0.000849,10000
S1-S0,0.5,LAFB,sph_auroc,5,patients,-0.00028,-0.001793,0.000684,0.749725,0.000643,10000
S1-S0,0.5,LAFB,degradation,5,patients,0.001136,-0.000887,0.003305,0.268373,0.00106,10000
S1-S0,0.5,LVH,test_auroc,5,patients,0.003229,0.000291,0.006336,0.030397,0.001552,10000
S1-S0,0.5,LVH,sph_auroc,5,patients,0.000423,-0.00018,0.001016,0.168183,0.000304,10000
S1-S0,0.5,LVH,degradation,5,patients,0.002805,-0.000179,0.005958,0.067393,0.001578,10000
S1-S0,0.5,IMI,test_auroc,5,patients,0.00224,-0.001286,0.005946,0.233177,0.001875,10000
S1-S0,0.5,IMI,sph_auroc,5,patients,0.002694,0.0007,0.005108,0.005799,0.001123,10000
S1-S0,0.5,IMI,degradation,5,patients,-0.000453,-0.004697,0.003786,0.828317,0.002162,10000
S1-S0,0.5,ASMI,test_auroc,5,patients,0.000453,-0.001907,0.002598,0.668333,0.00115,10000
S1-S0,0.5,ASMI,sph_auroc,5,patients,-0.00086,-0.002347,0.000313,0.168383,0.000673,10000
S1-S0,0.5,ASMI,degradation,5,patients,0.001313,-0.00131,0.003912,0.313969,0.001336,10000
C1-C0,0.5,AF,test_auroc,5,patients,-0.000927,-0.004705,0.002971,0.620338,0.001944,10000
C1-C0,0.5,AF,sph_auroc,5,patients,0.000292,-0.000183,0.001128,0.559144,0.000367,10000
C1-C0,0.5,AF,degradation,5,patients,-0.001219,-0.005086,0.002774,0.523748,0.001979,10000
C1-C0,0.5,PR_PROL,test_auroc,5,patients,0.003465,-0.000223,0.007963,0.068193,0.002099,10000
C1-C0,0.5,PR_PROL,sph_auroc,5,patients,0.00169,-0.000228,0.003987,0.091791,0.001079,10000
C1-C0,0.5,PR_PROL,degradation,5,patients,0.001775,-0.002613,0.00672,0.441356,0.002356,10000
C1-C0,0.5,CRBBB,test_auroc,5,patients,0.000166,-0.000308,0.00068,0.516948,0.000251,10000
C1-C0,0.5,CRBBB,sph_auroc,5,patients,-0.00057,-0.001211,4e-05,0.069793,0.000319,10000
C1-C0,0.5,CRBBB,degradation,5,patients,0.000735,-4.3e-05,0.001558,0.065793,0.000407,10000
C1-C0,0.5,IRBBB,test_auroc,5,patients,0.004568,-0.000142,0.010773,0.060794,0.002815,10000
C1-C0,0.5,IRBBB,sph_auroc,5,patients,-0.00317,-0.006443,0.000178,0.064394,0.001698,10000
C1-C0,0.5,IRBBB,degradation,5,patients,0.007737,0.001809,0.014562,0.008799,0.003264,10000
C1-C0,0.5,CLBBB,test_auroc,5,patients,-3e-05,-0.000477,0.000333,0.944906,0.000208,10000
C1-C0,0.5,CLBBB,sph_auroc,5,patients,-0.000475,-0.001798,0.000566,0.437556,0.000603,10000
C1-C0,0.5,CLBBB,degradation,5,patients,0.000445,-0.000694,0.001824,0.481752,0.000636,10000
C1-C0,0.5,LAFB,test_auroc,5,patients,0.000521,-0.001254,0.002318,0.548945,0.00091,10000
C1-C0,0.5,LAFB,sph_auroc,5,patients,0.000677,-0.00108,0.001872,0.367963,0.000771,10000
C1-C0,0.5,LAFB,degradation,5,patients,-0.000156,-0.00239,0.002322,0.867313,0.001206,10000
C1-C0,0.5,LVH,test_auroc,5,patients,0.001725,-0.002535,0.005954,0.39796,0.002126,10000
C1-C0,0.5,LVH,sph_auroc,5,patients,-0.000446,-0.001113,0.000261,0.209979,0.000351,10000
C1-C0,0.5,LVH,degradation,5,patients,0.002172,-0.002099,0.006399,0.30257,0.002159,10000
C1-C0,0.5,IMI,test_auroc,5,patients,-0.006332,-0.011546,-0.001543,0.007799,0.002545,10000
C1-C0,0.5,IMI,sph_auroc,5,patients,0.004006,0.000957,0.006634,0.011399,0.001457,10000
C1-C0,0.5,IMI,degradation,5,patients,-0.010338,-0.01617,-0.004508,0.0008,0.002937,10000
C1-C0,0.5,ASMI,test_auroc,5,patients,0.002185,3.9e-05,0.004502,0.044996,0.001139,10000
C1-C0,0.5,ASMI,sph_auroc,5,patients,0.001084,-0.001251,0.003401,0.334367,0.001169,10000
C1-C0,0.5,ASMI,degradation,5,patients,0.001101,-0.002056,0.004321,0.511949,0.001622,10000
C1-S1,1.0,AF,test_auroc,5,patients,0.0002,-0.002003,0.002607,0.889911,0.001155,10000
C1-S1,1.0,AF,sph_auroc,5,patients,0.000795,-6e-05,0.002525,0.306369,0.000794,10000
C1-S1,1.0,AF,degradation,5,patients,-0.000595,-0.003396,0.002135,0.661334,0.001393,10000
C1-S1,1.0,PR_PROL,test_auroc,5,patients,0.002823,0.000298,0.005599,0.028397,0.00134,10000
C1-S1,1.0,PR_PROL,sph_auroc,5,patients,-0.000346,-0.00112,0.000356,0.346165,0.000376,10000
C1-S1,1.0,PR_PROL,degradation,5,patients,0.003168,0.000559,0.006047,0.017198,0.001389,10000
C1-S1,1.0,CRBBB,test_auroc,5,patients,-0.00013,-0.000624,0.000323,0.622138,0.000242,10000
C1-S1,1.0,CRBBB,sph_auroc,5,patients,-0.000144,-0.000578,0.000297,0.520148,0.000223,10000
C1-S1,1.0,CRBBB,degradation,5,patients,1.3e-05,-0.000648,0.000645,0.946905,0.000327,10000
C1-S1,1.0,IRBBB,test_auroc,5,patients,-0.002218,-0.00489,0.00016,0.069193,0.001271,10000
C1-S1,1.0,IRBBB,sph_auroc,5,patients,0.011779,0.008572,0.015032,0.0002,0.001663,10000
C1-S1,1.0,IRBBB,degradation,5,patients,-0.013998,-0.018163,-0.009936,0.0002,0.002106,10000
C1-S1,1.0,CLBBB,test_auroc,5,patients,-0.000119,-0.000435,0.000141,0.387961,0.000146,10000
C1-S1,1.0,CLBBB,sph_auroc,5,patients,-0.000115,-0.00049,0.0001,0.628137,0.000158,10000
C1-S1,1.0,CLBBB,degradation,5,patients,-4e-06,-0.000413,0.000444,0.937306,0.000215,10000
C1-S1,1.0,LAFB,test_auroc,5,patients,-0.000276,-0.001409,0.000839,0.609939,0.000567,10000
C1-S1,1.0,LAFB,sph_auroc,5,patients,-0.000192,-0.000673,0.000285,0.427757,0.000245,10000
C1-S1,1.0,LAFB,degradation,5,patients,-8.3e-05,-0.00129,0.001127,0.886711,0.000612,10000
C1-S1,1.0,LVH,test_auroc,5,patients,-0.000562,-0.003481,0.00237,0.70173,0.001497,10000
C1-S1,1.0,LVH,sph_auroc,5,patients,0.000937,0.000155,0.001945,0.015598,0.000462,10000
C1-S1,1.0,LVH,degradation,5,patients,-0.001499,-0.004532,0.001576,0.337166,0.001566,10000
C1-S1,1.0,IMI,test_auroc,5,patients,-0.001196,-0.004055,0.001664,0.408959,0.00146,10000
C1-S1,1.0,IMI,sph_auroc,5,patients,0.00109,-0.00078,0.003197,0.287571,0.001016,10000
C1-S1,1.0,IMI,degradation,5,patients,-0.002285,-0.005824,0.001205,0.19998,0.001778,10000
C1-S1,1.0,ASMI,test_auroc,5,patients,-0.001329,-0.002807,0.000149,0.075192,0.000757,10000
C1-S1,1.0,ASMI,sph_auroc,5,patients,0.000377,-0.000493,0.001303,0.382162,0.000448,10000
C1-S1,1.0,ASMI,degradation,5,patients,-0.001706,-0.003475,3e-06,0.051595,0.000884,10000
C0-S0,1.0,AF,test_auroc,5,patients,-0.000127,-0.001262,0.00098,0.805519,0.000568,10000
C0-S0,1.0,AF,sph_auroc,5,patients,0.000334,-4.6e-05,0.001042,0.232777,0.000317,10000
C0-S0,1.0,AF,degradation,5,patients,-0.000461,-0.001795,0.000767,0.468953,0.00065,10000
C0-S0,1.0,PR_PROL,test_auroc,5,patients,-0.001515,-0.004221,0.001249,0.274773,0.001398,10000
C0-S0,1.0,PR_PROL,sph_auroc,5,patients,-0.000603,-0.001302,0.000179,0.127787,0.000377,10000
C0-S0,1.0,PR_PROL,degradation,5,patients,-0.000911,-0.003734,0.001957,0.518548,0.00145,10000
C0-S0,1.0,CRBBB,test_auroc,5,patients,4.4e-05,-0.000285,0.000421,0.848915,0.000176,10000
C0-S0,1.0,CRBBB,sph_auroc,5,patients,-0.000538,-0.001302,0.000182,0.154185,0.000381,10000
C0-S0,1.0,CRBBB,degradation,5,patients,0.000582,-0.000219,0.001423,0.167983,0.00042,10000
C0-S0,1.0,IRBBB,test_auroc,5,patients,0.001185,-0.001487,0.003764,0.377962,0.00134,10000
C0-S0,1.0,IRBBB,sph_auroc,5,patients,-0.012889,-0.01671,-0.009019,0.0002,0.001974,10000
C0-S0,1.0,IRBBB,degradation,5,patients,0.014074,0.009359,0.018726,0.0002,0.002393,10000
C0-S0,1.0,CLBBB,test_auroc,5,patients,0.00013,-0.000204,0.000549,0.523748,0.000192,10000
C0-S0,1.0,CLBBB,sph_auroc,5,patients,-0.000473,-0.001125,-3e-06,0.036396,0.000292,10000
C0-S0,1.0,CLBBB,degradation,5,patients,0.000602,2e-06,0.001356,0.049395,0.000351,10000
C0-S0,1.0,LAFB,test_auroc,5,patients,-0.001131,-0.002413,4e-05,0.059594,0.000623,10000
C0-S0,1.0,LAFB,sph_auroc,5,patients,0.00016,-0.000644,0.001226,0.79592,0.000482,10000
C0-S0,1.0,LAFB,degradation,5,patients,-0.001291,-0.002963,0.000172,0.087391,0.000793,10000
C0-S0,1.0,LVH,test_auroc,5,patients,-0.000687,-0.003901,0.002586,0.692531,0.001667,10000
C0-S0,1.0,LVH,sph_auroc,5,patients,0.001038,0.000256,0.001976,0.005799,0.000441,10000
C0-S0,1.0,LVH,degradation,5,patients,-0.001725,-0.005045,0.001623,0.321368,0.001721,10000
C0-S0,1.0,IMI,test_auroc,5,patients,0.00176,-0.001306,0.00499,0.267573,0.001601,10000
C0-S0,1.0,IMI,sph_auroc,5,patients,-0.001997,-0.004144,0.000108,0.061794,0.001076,10000
C0-S0,1.0,IMI,degradation,5,patients,0.003757,-8.6e-05,0.007707,0.054195,0.001944,10000
C0-S0,1.0,ASMI,test_auroc,5,patients,-0.000604,-0.002394,0.00115,0.516748,0.00091,10000
C0-S0,1.0,ASMI,sph_auroc,5,patients,0.000424,-0.000622,0.001717,0.473553,0.000598,10000
C0-S0,1.0,ASMI,degradation,5,patients,-0.001028,-0.003214,0.001066,0.336566,0.001088,10000
S1-S0,1.0,AF,test_auroc,5,patients,0.000198,-0.001656,0.001703,0.758724,0.000856,10000
S1-S0,1.0,AF,sph_auroc,5,patients,-0.000758,-0.002419,6.8e-05,0.309569,0.00076,10000
S1-S0,1.0,AF,degradation,5,patients,0.000956,-0.001222,0.003296,0.393161,0.001134,10000
S1-S0,1.0,PR_PROL,test_auroc,5,patients,0.000487,-0.001835,0.003003,0.721328,0.001238,10000
S1-S0,1.0,PR_PROL,sph_auroc,5,patients,-0.000195,-0.000879,0.000493,0.565143,0.000351,10000
S1-S0,1.0,PR_PROL,degradation,5,patients,0.000682,-0.001766,0.003317,0.617938,0.001289,10000
S1-S0,1.0,CRBBB,test_auroc,5,patients,0.000124,-0.000312,0.00074,0.721128,0.00027,10000
S1-S0,1.0,CRBBB,sph_auroc,5,patients,0.000584,7.3e-05,0.001151,0.023598,0.000276,10000
S1-S0,1.0,CRBBB,degradation,5,patients,-0.00046,-0.001202,0.000328,0.221978,0.000384,10000
S1-S0,1.0,IRBBB,test_auroc,5,patients,0.002146,-0.000151,0.004869,0.073393,0.001282,10000
S1-S0,1.0,IRBBB,sph_auroc,5,patients,0.010401,0.00729,0.013674,0.0002,0.001638,10000
S1-S0,1.0,IRBBB,degradation,5,patients,-0.008254,-0.012373,-0.004186,0.0004,0.002076,10000
S1-S0,1.0,CLBBB,test_auroc,5,patients,0.000133,-0.000139,0.000435,0.340966,0.000146,10000
S1-S0,1.0,CLBBB,sph_auroc,5,patients,-3.4e-05,-0.000433,0.000389,0.790921,0.000204,10000
S1-S0,1.0,CLBBB,degradation,5,patients,0.000167,-0.000329,0.000666,0.483152,0.000252,10000
S1-S0,1.0,LAFB,test_auroc,5,patients,0.000299,-0.000897,0.001605,0.632337,0.000634,10000
S1-S0,1.0,LAFB,sph_auroc,5,patients,0.000226,-0.000276,0.000936,0.483352,0.00031,10000
S1-S0,1.0,LAFB,degradation,5,patients,7.3e-05,-0.00134,0.001502,0.915508,0.000709,10000
S1-S0,1.0,LVH,test_auroc,5,patients,0.000923,-0.001903,0.003833,0.520348,0.001473,10000
S1-S0,1.0,LVH,sph_auroc,5,patients,-0.000362,-0.001259,0.000483,0.39516,0.000443,10000
S1-S0,1.0,LVH,degradation,5,patients,0.001285,-0.001715,0.00433,0.392561,0.001532,10000
S1-S0,1.0,IMI,test_auroc,5,patients,0.000262,-0.002746,0.003408,0.865713,0.001562,10000
S1-S0,1.0,IMI,sph_auroc,5,patients,-0.000157,-0.001404,0.001066,0.809919,0.000628,10000
S1-S0,1.0,IMI,degradation,5,patients,0.000419,-0.002808,0.003783,0.79992,0.001674,10000
S1-S0,1.0,ASMI,test_auroc,5,patients,0.000139,-0.001271,0.001521,0.836516,0.000709,10000
S1-S0,1.0,ASMI,sph_auroc,5,patients,0.000488,-0.000265,0.001444,0.237176,0.000437,10000
S1-S0,1.0,ASMI,degradation,5,patients,-0.000349,-0.002049,0.001217,0.680732,0.000837,10000
C1-C0,1.0,AF,test_auroc,5,patients,0.000525,-0.001313,0.00304,0.710929,0.001114,10000
C1-C0,1.0,AF,sph_auroc,5,patients,-0.000297,-0.000936,5.1e-05,0.241376,0.000283,10000
C1-C0,1.0,AF,degradation,5,patients,0.000822,-0.001094,0.003367,0.506549,0.001151,10000
C1-C0,1.0,PR_PROL,test_auroc,5,patients,0.004825,0.000996,0.009758,0.007599,0.00225,10000
C1-C0,1.0,PR_PROL,sph_auroc,5,patients,6.3e-05,-0.001182,0.001034,0.851515,0.000567,10000
C1-C0,1.0,PR_PROL,degradation,5,patients,0.004762,0.000785,0.009732,0.013399,0.002316,10000
C1-C0,1.0,CRBBB,test_auroc,5,patients,-5e-05,-0.000527,0.000384,0.878912,0.000229,10000
C1-C0,1.0,CRBBB,sph_auroc,5,patients,0.000978,0.000302,0.001759,0.0016,0.000375,10000
C1-C0,1.0,CRBBB,degradation,5,patients,-0.001028,-0.001933,-0.00021,0.011599,0.000442,10000
C1-C0,1.0,IRBBB,test_auroc,5,patients,-0.001257,-0.00425,0.001538,0.381162,0.001468,10000
C1-C0,1.0,IRBBB,sph_auroc,5,patients,0.035069,0.030697,0.039559,0.0002,0.002253,10000
C1-C0,1.0,IRBBB,degradation,5,patients,-0.036326,-0.041592,-0.030989,0.0002,0.002687,10000
C1-C0,1.0,CLBBB,test_auroc,5,patients,-0.000116,-0.000577,0.000234,0.632737,0.000208,10000
C1-C0,1.0,CLBBB,sph_auroc,5,patients,0.000323,-1e-06,0.000875,0.053195,0.000233,10000
C1-C0,1.0,CLBBB,degradation,5,patients,-0.000439,-0.001124,8.7e-05,0.121788,0.000312,10000
C1-C0,1.0,LAFB,test_auroc,5,patients,0.001154,-0.00022,0.002815,0.114189,0.00078,10000
C1-C0,1.0,LAFB,sph_auroc,5,patients,-0.000126,-0.000515,0.000279,0.50215,0.000201,10000
C1-C0,1.0,LAFB,degradation,5,patients,0.00128,-0.000141,0.002977,0.082792,0.000803,10000
C1-C0,1.0,LVH,test_auroc,5,patients,0.001048,-0.001987,0.004224,0.510349,0.001569,10000
C1-C0,1.0,LVH,sph_auroc,5,patients,-0.000462,-0.001156,0.000159,0.151385,0.000334,10000
C1-C0,1.0,LVH,degradation,5,patients,0.00151,-0.001567,0.004726,0.350965,0.001596,10000
C1-C0,1.0,IMI,test_auroc,5,patients,-0.002693,-0.006032,0.000549,0.10219,0.001671,10000
C1-C0,1.0,IMI,sph_auroc,5,patients,0.00293,0.001425,0.004634,0.0002,0.000816,10000
C1-C0,1.0,IMI,degradation,5,patients,-0.005623,-0.009339,-0.002024,0.0024,0.001863,10000
C1-C0,1.0,ASMI,test_auroc,5,patients,-0.000586,-0.002436,0.001337,0.537546,0.000957,10000
C1-C0,1.0,ASMI,sph_auroc,5,patients,0.000442,-0.000213,0.001117,0.172783,0.000335,10000
C1-C0,1.0,ASMI,degradation,5,patients,-0.001028,-0.00301,0.001022,0.30137,0.001015,10000
