kind,arm,outcome,resampling,n_seeds,per_seed,estimate,ci95_lo,ci95_hi,p_two_sided,boot_sd,n_boot
arm,P_ecg-mid,h3_corr_held_out_mean_degradation,patients,5,+0.0216 +0.0307 +0.0248 +0.0281 +0.0233,0.025709,0.02246,0.028578,0.0002,0.001553,10000
arm,P_gen-high,h3_corr_held_out_mean_degradation,patients,5,+0.0268 +0.0308 +0.0224 +0.0225 +0.0252,0.02555,0.022577,0.0282,0.0002,0.001447,10000
contrast,P_ecg - P_gen,h3_corr_held_out_mean_degradation,patients,5,-0.0052 -0.0001 +0.0023 +0.0056 -0.0019,0.000159,-0.001054,0.001287,0.828117,0.000597,10000
contrast,P_ecg - P_gen,h3_corr_held_out_mean_degradation,seeds+patients,5,-0.0052 -0.0001 +0.0023 +0.0056 -0.0019,0.000159,-0.003417,0.003849,0.948505,0.001819,10000
arm,P_ecg-mid,h3_sph_e3_degradation,patients,5,+0.0035 +0.0059 +0.0024 +0.0031 +0.0049,0.003974,0.000361,0.007464,0.033597,0.001814,10000
arm,P_gen-high,h3_sph_e3_degradation,patients,5,+0.0028 +0.0058 +0.0090 +0.0072 +0.0050,0.005958,0.002322,0.009491,0.002,0.001822,10000
contrast,P_ecg - P_gen,h3_sph_e3_degradation,patients,5,+0.0007 +0.0001 -0.0066 -0.0040 -0.0001,-0.001985,-0.002926,-0.001047,0.0002,0.000481,10000
contrast,P_ecg - P_gen,h3_sph_e3_degradation,seeds+patients,5,+0.0007 +0.0001 -0.0066 -0.0040 -0.0001,-0.001985,-0.004847,0.000584,0.142586,0.001389,10000
arm,P_ecg-mid,clean_macro_auroc,patients,5,+0.9183 +0.9252 +0.9222 +0.9246 +0.9225,0.922568,0.912011,0.931701,0.0002,0.005035,10000
arm,P_gen-high,clean_macro_auroc,patients,5,+0.9220 +0.9286 +0.9267 +0.9234 +0.9242,0.924978,0.914236,0.934231,0.0002,0.005095,10000
contrast,P_ecg - P_gen,clean_macro_auroc,patients,5,-0.0037 -0.0034 -0.0045 +0.0012 -0.0017,-0.00241,-0.004307,-0.000122,0.036196,0.001062,10000
contrast,P_ecg - P_gen,clean_macro_auroc,seeds+patients,5,-0.0037 -0.0034 -0.0045 +0.0012 -0.0017,-0.00241,-0.005625,0.001343,0.20458,0.001768,10000
arm,P_ecg-mid,clean_e3_macro_auroc,patients,5,+0.9759 +0.9766 +0.9759 +0.9764 +0.9755,0.97608,0.972987,0.979001,0.0002,0.001535,10000
arm,P_gen-high,clean_e3_macro_auroc,patients,5,+0.9755 +0.9760 +0.9768 +0.9762 +0.9751,0.97591,0.972865,0.97881,0.0002,0.001526,10000
contrast,P_ecg - P_gen,clean_e3_macro_auroc,patients,5,+0.0004 +0.0006 -0.0009 +0.0003 +0.0004,0.000171,-0.000602,0.000939,0.678132,0.000397,10000
contrast,P_ecg - P_gen,clean_e3_macro_auroc,seeds+patients,5,+0.0004 +0.0006 -0.0009 +0.0003 +0.0004,0.000171,-0.000925,0.001273,0.759924,0.000557,10000
arm,P_ecg-mid,sph_e3_macro_auroc,patients,5,+0.9724 +0.9708 +0.9735 +0.9733 +0.9706,0.972107,0.970179,0.973941,0.0002,0.000955,10000
arm,P_gen-high,sph_e3_macro_auroc,patients,5,+0.9727 +0.9702 +0.9678 +0.9690 +0.9701,0.969951,0.967996,0.971853,0.0002,0.000984,10000
contrast,P_ecg - P_gen,sph_e3_macro_auroc,patients,5,-0.0003 +0.0006 +0.0057 +0.0043 +0.0005,0.002155,0.001627,0.002689,0.0002,0.000272,10000
contrast,P_ecg - P_gen,sph_e3_macro_auroc,seeds+patients,5,-0.0003 +0.0006 +0.0057 +0.0043 +0.0005,0.002155,0.000107,0.004407,0.034797,0.001104,10000
arm,P_ecg-mid,corr_held_out_mean_degradation_e3,patients,5,+0.0123 +0.0152 +0.0120 +0.0126 +0.0119,0.012815,0.01138,0.014358,0.0002,0.000758,10000
arm,P_gen-high,corr_held_out_mean_degradation_e3,patients,5,+0.0127 +0.0145 +0.0104 +0.0124 +0.0122,0.012466,0.01124,0.013742,0.0002,0.000636,10000
contrast,P_ecg - P_gen,corr_held_out_mean_degradation_e3,patients,5,-0.0004 +0.0007 +0.0016 +0.0002 -0.0003,0.000349,-0.000232,0.001022,0.265373,0.00032,10000
contrast,P_ecg - P_gen,corr_held_out_mean_degradation_e3,seeds+patients,5,-0.0004 +0.0007 +0.0016 +0.0002 -0.0003,0.000349,-0.000646,0.001394,0.49895,0.00052,10000
arm,P_ecg-mid,corr_lead_dropout_mean_degradation,patients,5,+0.0130 +0.0172 +0.0172 +0.0167 +0.0139,0.015583,0.011584,0.018598,0.0002,0.001817,10000
arm,P_gen-high,corr_lead_dropout_mean_degradation,patients,5,+0.0152 +0.0162 +0.0161 +0.0168 +0.0155,0.015954,0.012159,0.019017,0.0002,0.001798,10000
contrast,P_ecg - P_gen,corr_lead_dropout_mean_degradation,patients,5,-0.0022 +0.0010 +0.0011 -0.0001 -0.0016,-0.000371,-0.001596,0.000685,0.477352,0.000583,10000
contrast,P_ecg - P_gen,corr_lead_dropout_mean_degradation,seeds+patients,5,-0.0022 +0.0010 +0.0011 -0.0001 -0.0016,-0.000371,-0.002527,0.001642,0.687131,0.001053,10000
arm,P_ecg-mid,corr_limb_reversal_mean_degradation,patients,5,+0.0512 +0.0735 +0.0562 +0.0667 +0.0545,0.060438,0.053455,0.067299,0.0002,0.003502,10000
arm,P_gen-high,corr_limb_reversal_mean_degradation,patients,5,+0.0648 +0.0756 +0.0507 +0.0498 +0.0591,0.059998,0.053405,0.06633,0.0002,0.003273,10000
contrast,P_ecg - P_gen,corr_limb_reversal_mean_degradation,patients,5,-0.0136 -0.0021 +0.0056 +0.0169 -0.0045,0.00044,-0.002351,0.003218,0.775322,0.001413,10000
contrast,P_ecg - P_gen,corr_limb_reversal_mean_degradation,seeds+patients,5,-0.0136 -0.0021 +0.0056 +0.0169 -0.0045,0.00044,-0.009112,0.01058,0.958504,0.004968,10000
arm,P_ecg-mid,corr_baseline_step_mean_degradation,patients,5,+0.0007 +0.0015 +0.0009 +0.0010 +0.0015,0.001106,0.000338,0.001963,0.0038,0.000416,10000
arm,P_gen-high,corr_baseline_step_mean_degradation,patients,5,+0.0004 +0.0006 +0.0005 +0.0008 +0.0011,0.000698,4.1e-05,0.001446,0.038196,0.000361,10000
contrast,P_ecg - P_gen,corr_baseline_step_mean_degradation,patients,5,+0.0003 +0.0009 +0.0004 +0.0001 +0.0003,0.000408,-9.9e-05,0.000875,0.117788,0.00025,10000
contrast,P_ecg - P_gen,corr_baseline_step_mean_degradation,seeds+patients,5,+0.0003 +0.0009 +0.0004 +0.0001 +0.0003,0.000408,-0.000314,0.001112,0.255174,0.000356,10000
