kind,contrast,budget,scope,metric,n_seeds,resampling,estimate,ci95_lo,ci95_hi,p_two_sided,boot_sd,n_boot
arm,S0,1.0,held_out_mean,macro_auroc,5,patients,0.026154,0.02279,0.029171,0.0002,0.001634,10000
arm,S1,1.0,held_out_mean,macro_auroc,5,patients,0.028919,0.025853,0.031709,0.0002,0.001489,10000
arm,C0,1.0,held_out_mean,macro_auroc,5,patients,0.025338,0.022104,0.028283,0.0002,0.001571,10000
arm,C1,1.0,held_out_mean,macro_auroc,5,patients,0.025709,0.022466,0.028608,0.0002,0.001573,10000
contrast,C1-S1,1.0,held_out_mean,macro_auroc,5,patients,-0.00321,-0.004615,-0.00202,0.0002,0.00066,10000
contrast,C1-S1,1.0,held_out_mean,macro_auroc,5,seeds+patients,-0.00321,-0.006617,-0.000284,0.032197,0.001607,10000
contrast,C0-S0,1.0,held_out_mean,macro_auroc,5,patients,-0.000816,-0.002592,0.000849,0.365563,0.000879,10000
contrast,C0-S0,1.0,held_out_mean,macro_auroc,5,seeds+patients,-0.000816,-0.005283,0.003424,0.716128,0.002197,10000
contrast,S1-S0,1.0,held_out_mean,macro_auroc,5,patients,0.002765,0.000966,0.004751,0.005799,0.000971,10000
contrast,S1-S0,1.0,held_out_mean,macro_auroc,5,seeds+patients,0.002765,-0.001001,0.006673,0.140186,0.001948,10000
contrast,C1-C0,1.0,held_out_mean,macro_auroc,5,patients,0.000371,-0.000774,0.001559,0.493151,0.000596,10000
contrast,C1-C0,1.0,held_out_mean,macro_auroc,5,seeds+patients,0.000371,-0.001474,0.002239,0.633137,0.000942,10000
arm,S0,1.0,seen_mean,macro_auroc,5,patients,0.001252,0.000681,0.001818,0.0002,0.000291,10000
arm,S1,1.0,seen_mean,macro_auroc,5,patients,0.000509,0.00023,0.000794,0.0008,0.000144,10000
arm,C0,1.0,seen_mean,macro_auroc,5,patients,0.001324,0.000852,0.001768,0.0002,0.000236,10000
arm,C1,1.0,seen_mean,macro_auroc,5,patients,0.000609,0.000309,0.000946,0.0002,0.000162,10000
contrast,C1-S1,1.0,seen_mean,macro_auroc,5,patients,0.0001,-9.5e-05,0.000321,0.283372,0.000107,10000
contrast,C1-S1,1.0,seen_mean,macro_auroc,5,seeds+patients,0.0001,-0.000269,0.000512,0.555144,0.000197,10000
contrast,C0-S0,1.0,seen_mean,macro_auroc,5,patients,7.1e-05,-0.00034,0.000449,0.740126,0.0002,10000
contrast,C0-S0,1.0,seen_mean,macro_auroc,5,seeds+patients,7.1e-05,-0.000558,0.000679,0.832317,0.00031,10000
contrast,S1-S0,1.0,seen_mean,macro_auroc,5,patients,-0.000743,-0.001192,-0.000273,0.0014,0.000234,10000
contrast,S1-S0,1.0,seen_mean,macro_auroc,5,seeds+patients,-0.000743,-0.001305,-0.000132,0.017198,0.000294,10000
contrast,C1-C0,1.0,seen_mean,macro_auroc,5,patients,-0.000715,-0.001037,-0.00031,0.0008,0.000187,10000
contrast,C1-C0,1.0,seen_mean,macro_auroc,5,seeds+patients,-0.000715,-0.001297,-0.000121,0.016798,0.000293,10000
arm,S0,1.0,lead_dropout_mean,macro_auroc,5,patients,0.020913,0.016821,0.024513,0.0002,0.002007,10000
arm,S1,1.0,lead_dropout_mean,macro_auroc,5,patients,0.014486,0.011242,0.017391,0.0002,0.001573,10000
arm,C0,1.0,lead_dropout_mean,macro_auroc,5,patients,0.020247,0.016126,0.023763,0.0002,0.001978,10000
arm,C1,1.0,lead_dropout_mean,macro_auroc,5,patients,0.015583,0.011588,0.018641,0.0002,0.001841,10000
contrast,C1-S1,1.0,lead_dropout_mean,macro_auroc,5,patients,0.001098,-0.000656,0.002271,0.265973,0.000745,10000
contrast,C1-S1,1.0,lead_dropout_mean,macro_auroc,5,seeds+patients,0.001098,-0.002079,0.003926,0.569543,0.00151,10000
contrast,C0-S0,1.0,lead_dropout_mean,macro_auroc,5,patients,-0.000666,-0.002472,0.000999,0.458554,0.000883,10000
contrast,C0-S0,1.0,lead_dropout_mean,macro_auroc,5,seeds+patients,-0.000666,-0.003267,0.001927,0.593741,0.001317,10000
contrast,S1-S0,1.0,lead_dropout_mean,macro_auroc,5,patients,-0.006427,-0.008488,-0.004219,0.0002,0.001102,10000
contrast,S1-S0,1.0,lead_dropout_mean,macro_auroc,5,seeds+patients,-0.006427,-0.009108,-0.003538,0.0002,0.001419,10000
contrast,C1-C0,1.0,lead_dropout_mean,macro_auroc,5,patients,-0.004664,-0.006299,-0.003273,0.0002,0.000773,10000
contrast,C1-C0,1.0,lead_dropout_mean,macro_auroc,5,seeds+patients,-0.004664,-0.007487,-0.00206,0.002,0.001357,10000
arm,S0,1.0,limb_reversal_mean,macro_auroc,5,patients,0.056647,0.049546,0.063288,0.0002,0.003506,10000
arm,S1,1.0,limb_reversal_mean,macro_auroc,5,patients,0.071077,0.063827,0.077997,0.0002,0.003577,10000
arm,C0,1.0,limb_reversal_mean,macro_auroc,5,patients,0.054739,0.047962,0.061205,0.0002,0.003343,10000
arm,C1,1.0,limb_reversal_mean,macro_auroc,5,patients,0.060438,0.053506,0.06743,0.0002,0.003529,10000
contrast,C1-S1,1.0,limb_reversal_mean,macro_auroc,5,patients,-0.010639,-0.013778,-0.007512,0.0002,0.001615,10000
contrast,C1-S1,1.0,limb_reversal_mean,macro_auroc,5,seeds+patients,-0.010639,-0.018218,-0.003587,0.0038,0.003685,10000
contrast,C0-S0,1.0,limb_reversal_mean,macro_auroc,5,patients,-0.001908,-0.005931,0.001988,0.357564,0.002029,10000
contrast,C0-S0,1.0,limb_reversal_mean,macro_auroc,5,seeds+patients,-0.001908,-0.013457,0.009203,0.748325,0.005776,10000
contrast,S1-S0,1.0,limb_reversal_mean,macro_auroc,5,patients,0.01443,0.010187,0.01909,0.0002,0.002266,10000
contrast,S1-S0,1.0,limb_reversal_mean,macro_auroc,5,seeds+patients,0.01443,0.004185,0.024981,0.007599,0.005326,10000
contrast,C1-C0,1.0,limb_reversal_mean,macro_auroc,5,patients,0.0057,0.003342,0.008488,0.0002,0.001307,10000
contrast,C1-C0,1.0,limb_reversal_mean,macro_auroc,5,seeds+patients,0.0057,0.001612,0.010119,0.013199,0.002151,10000
arm,S0,1.0,baseline_step_mean,macro_auroc,5,patients,0.000902,1e-06,0.001867,0.049795,0.000477,10000
arm,S1,1.0,baseline_step_mean,macro_auroc,5,patients,0.001194,0.000365,0.002121,0.005,0.000449,10000
arm,C0,1.0,baseline_step_mean,macro_auroc,5,patients,0.001028,0.00025,0.001858,0.009199,0.000409,10000
arm,C1,1.0,baseline_step_mean,macro_auroc,5,patients,0.001106,0.00033,0.001953,0.005799,0.000414,10000
contrast,C1-S1,1.0,baseline_step_mean,macro_auroc,5,patients,-8.8e-05,-0.000524,0.000309,0.684132,0.000212,10000
contrast,C1-S1,1.0,baseline_step_mean,macro_auroc,5,seeds+patients,-8.8e-05,-0.000788,0.000643,0.780522,0.000357,10000
contrast,C0-S0,1.0,baseline_step_mean,macro_auroc,5,patients,0.000126,-0.000375,0.000634,0.593741,0.000257,10000
contrast,C0-S0,1.0,baseline_step_mean,macro_auroc,5,seeds+patients,0.000126,-0.000742,0.000984,0.729527,0.000432,10000
contrast,S1-S0,1.0,baseline_step_mean,macro_auroc,5,patients,0.000292,-0.00038,0.000939,0.377562,0.000336,10000
contrast,S1-S0,1.0,baseline_step_mean,macro_auroc,5,seeds+patients,0.000292,-0.000571,0.001158,0.477152,0.000435,10000
contrast,C1-C0,1.0,baseline_step_mean,macro_auroc,5,patients,7.8e-05,-0.000395,0.000509,0.747925,0.000231,10000
contrast,C1-C0,1.0,baseline_step_mean,macro_auroc,5,seeds+patients,7.8e-05,-0.000642,0.000823,0.857114,0.000371,10000
arm,S0,1.0,seen_baseline_wander_mean,macro_auroc,5,patients,0.000536,6.5e-05,0.001033,0.026397,0.000244,10000
arm,S1,1.0,seen_baseline_wander_mean,macro_auroc,5,patients,0.000244,1e-06,0.000481,0.048595,0.000122,10000
arm,C0,1.0,seen_baseline_wander_mean,macro_auroc,5,patients,0.000834,0.000403,0.001244,0.0002,0.000213,10000
arm,C1,1.0,seen_baseline_wander_mean,macro_auroc,5,patients,0.000366,0.000129,0.000632,0.0034,0.000129,10000
contrast,C1-S1,1.0,seen_baseline_wander_mean,macro_auroc,5,patients,0.000122,-4.6e-05,0.00033,0.142986,9.6e-05,10000
contrast,C1-S1,1.0,seen_baseline_wander_mean,macro_auroc,5,seeds+patients,0.000122,-0.000152,0.000432,0.346365,0.000149,10000
contrast,C0-S0,1.0,seen_baseline_wander_mean,macro_auroc,5,patients,0.000298,1.1e-05,0.000561,0.040396,0.000141,10000
contrast,C0-S0,1.0,seen_baseline_wander_mean,macro_auroc,5,seeds+patients,0.000298,-0.000226,0.000797,0.247775,0.000256,10000
contrast,S1-S0,1.0,seen_baseline_wander_mean,macro_auroc,5,patients,-0.000292,-0.000662,5.7e-05,0.10339,0.000183,10000
contrast,S1-S0,1.0,seen_baseline_wander_mean,macro_auroc,5,seeds+patients,-0.000292,-0.000772,0.000197,0.219578,0.000245,10000
contrast,C1-C0,1.0,seen_baseline_wander_mean,macro_auroc,5,patients,-0.000468,-0.000739,-0.000142,0.0042,0.000152,10000
contrast,C1-C0,1.0,seen_baseline_wander_mean,macro_auroc,5,seeds+patients,-0.000468,-0.000874,5e-06,0.052795,0.000222,10000
arm,S0,1.0,seen_emg_bursts_mean,macro_auroc,5,patients,0.0013,0.000449,0.002057,0.0014,0.000413,10000
arm,S1,1.0,seen_emg_bursts_mean,macro_auroc,5,patients,0.000347,-2.8e-05,0.000674,0.070193,0.000179,10000
arm,C0,1.0,seen_emg_bursts_mean,macro_auroc,5,patients,0.001359,0.000548,0.002034,0.0006,0.000377,10000
arm,C1,1.0,seen_emg_bursts_mean,macro_auroc,5,patients,0.000278,-7.9e-05,0.000645,0.134587,0.000184,10000
contrast,C1-S1,1.0,seen_emg_bursts_mean,macro_auroc,5,patients,-6.9e-05,-0.000346,0.000225,0.739126,0.000145,10000
contrast,C1-S1,1.0,seen_emg_bursts_mean,macro_auroc,5,seeds+patients,-6.9e-05,-0.000522,0.00046,0.79512,0.000249,10000
contrast,C0-S0,1.0,seen_emg_bursts_mean,macro_auroc,5,patients,5.9e-05,-0.000434,0.000523,0.80112,0.000244,10000
contrast,C0-S0,1.0,seen_emg_bursts_mean,macro_auroc,5,seeds+patients,5.9e-05,-0.000766,0.000879,0.872713,0.000413,10000
contrast,S1-S0,1.0,seen_emg_bursts_mean,macro_auroc,5,patients,-0.000953,-0.001562,-0.000225,0.008999,0.000344,10000
contrast,S1-S0,1.0,seen_emg_bursts_mean,macro_auroc,5,seeds+patients,-0.000953,-0.001836,-7.6e-05,0.031797,0.000448,10000
contrast,C1-C0,1.0,seen_emg_bursts_mean,macro_auroc,5,patients,-0.00108,-0.001577,-0.00047,0.0004,0.000283,10000
contrast,C1-C0,1.0,seen_emg_bursts_mean,macro_auroc,5,seeds+patients,-0.00108,-0.001966,-0.00017,0.019798,0.000463,10000
arm,S0,1.0,seen_lead_scaling_mean,macro_auroc,5,patients,0.001921,0.000751,0.003157,0.001,0.00062,10000
arm,S1,1.0,seen_lead_scaling_mean,macro_auroc,5,patients,0.000935,0.000214,0.001706,0.010999,0.000378,10000
arm,C0,1.0,seen_lead_scaling_mean,macro_auroc,5,patients,0.001778,0.00079,0.002835,0.0004,0.000523,10000
arm,C1,1.0,seen_lead_scaling_mean,macro_auroc,5,patients,0.001182,0.000341,0.002074,0.006199,0.000443,10000
contrast,C1-S1,1.0,seen_lead_scaling_mean,macro_auroc,5,patients,0.000247,-0.00026,0.00077,0.338366,0.000264,10000
contrast,C1-S1,1.0,seen_lead_scaling_mean,macro_auroc,5,seeds+patients,0.000247,-0.000542,0.001008,0.473753,0.000388,10000
contrast,C0-S0,1.0,seen_lead_scaling_mean,macro_auroc,5,patients,-0.000143,-0.000927,0.000554,0.712329,0.000382,10000
contrast,C0-S0,1.0,seen_lead_scaling_mean,macro_auroc,5,seeds+patients,-0.000143,-0.001412,0.001101,0.80312,0.000636,10000
contrast,S1-S0,1.0,seen_lead_scaling_mean,macro_auroc,5,patients,-0.000986,-0.001895,-0.000104,0.028397,0.000457,10000
contrast,S1-S0,1.0,seen_lead_scaling_mean,macro_auroc,5,seeds+patients,-0.000986,-0.002085,0.000171,0.091991,0.000575,10000
contrast,C1-C0,1.0,seen_lead_scaling_mean,macro_auroc,5,patients,-0.000596,-0.001319,0.000277,0.190381,0.000415,10000
contrast,C1-C0,1.0,seen_lead_scaling_mean,macro_auroc,5,seeds+patients,-0.000596,-0.001729,0.000555,0.320968,0.000588,10000
arm,S0,1.0,lead_dropout_s1,macro_auroc,5,patients,0.010727,0.007022,0.01382,0.0002,0.001737,10000
arm,S1,1.0,lead_dropout_s1,macro_auroc,5,patients,0.007557,0.004491,0.010284,0.0002,0.001489,10000
arm,C0,1.0,lead_dropout_s1,macro_auroc,5,patients,0.010072,0.006295,0.0136,0.0002,0.001894,10000
arm,C1,1.0,lead_dropout_s1,macro_auroc,5,patients,0.007322,0.004206,0.010053,0.0002,0.001492,10000
contrast,C1-S1,1.0,lead_dropout_s1,macro_auroc,5,patients,-0.000235,-0.001875,0.001432,0.734727,0.000849,10000
contrast,C1-S1,1.0,lead_dropout_s1,macro_auroc,5,seeds+patients,-0.000235,-0.002609,0.002344,0.790521,0.00123,10000
contrast,C0-S0,1.0,lead_dropout_s1,macro_auroc,5,patients,-0.000656,-0.003057,0.002075,0.646935,0.001303,10000
contrast,C0-S0,1.0,lead_dropout_s1,macro_auroc,5,seeds+patients,-0.000656,-0.003928,0.002824,0.722328,0.001716,10000
contrast,S1-S0,1.0,lead_dropout_s1,macro_auroc,5,patients,-0.00317,-0.0053,-0.000616,0.015798,0.001193,10000
contrast,S1-S0,1.0,lead_dropout_s1,macro_auroc,5,seeds+patients,-0.00317,-0.006294,0.000418,0.078392,0.001671,10000
contrast,C1-C0,1.0,lead_dropout_s1,macro_auroc,5,patients,-0.002749,-0.004825,-0.000814,0.005,0.001021,10000
contrast,C1-C0,1.0,lead_dropout_s1,macro_auroc,5,seeds+patients,-0.002749,-0.005554,0.000113,0.057994,0.001404,10000
arm,S0,1.0,lead_dropout_s2,macro_auroc,5,patients,0.020416,0.015365,0.025912,0.0002,0.002749,10000
arm,S1,1.0,lead_dropout_s2,macro_auroc,5,patients,0.01412,0.009565,0.018632,0.0002,0.002323,10000
arm,C0,1.0,lead_dropout_s2,macro_auroc,5,patients,0.019542,0.014396,0.025215,0.0002,0.002808,10000
arm,C1,1.0,lead_dropout_s2,macro_auroc,5,patients,0.015454,0.010144,0.020486,0.0002,0.002702,10000
contrast,C1-S1,1.0,lead_dropout_s2,macro_auroc,5,patients,0.001334,-0.000855,0.003267,0.271773,0.001071,10000
contrast,C1-S1,1.0,lead_dropout_s2,macro_auroc,5,seeds+patients,0.001334,-0.002287,0.004909,0.50195,0.001803,10000
contrast,C0-S0,1.0,lead_dropout_s2,macro_auroc,5,patients,-0.000874,-0.003059,0.001187,0.449555,0.001082,10000
contrast,C0-S0,1.0,lead_dropout_s2,macro_auroc,5,seeds+patients,-0.000874,-0.00392,0.00227,0.576142,0.001539,10000
contrast,S1-S0,1.0,lead_dropout_s2,macro_auroc,5,patients,-0.006297,-0.009278,-0.003891,0.0002,0.001397,10000
contrast,S1-S0,1.0,lead_dropout_s2,macro_auroc,5,seeds+patients,-0.006297,-0.010013,-0.003019,0.0004,0.001799,10000
contrast,C1-C0,1.0,lead_dropout_s2,macro_auroc,5,patients,-0.004088,-0.00694,-0.00195,0.0002,0.001271,10000
contrast,C1-C0,1.0,lead_dropout_s2,macro_auroc,5,seeds+patients,-0.004088,-0.008082,-0.000869,0.015598,0.001822,10000
arm,S0,1.0,lead_dropout_s3,macro_auroc,5,patients,0.031594,0.023564,0.038246,0.0002,0.003794,10000
arm,S1,1.0,lead_dropout_s3,macro_auroc,5,patients,0.021781,0.01548,0.027399,0.0002,0.003055,10000
arm,C0,1.0,lead_dropout_s3,macro_auroc,5,patients,0.031127,0.022797,0.037686,0.0002,0.003857,10000
arm,C1,1.0,lead_dropout_s3,macro_auroc,5,patients,0.023974,0.016494,0.029674,0.0002,0.003418,10000
contrast,C1-S1,1.0,lead_dropout_s3,macro_auroc,5,patients,0.002193,-0.001265,0.004307,0.269373,0.001426,10000
contrast,C1-S1,1.0,lead_dropout_s3,macro_auroc,5,seeds+patients,0.002193,-0.004004,0.007431,0.584742,0.002881,10000
contrast,C0-S0,1.0,lead_dropout_s3,macro_auroc,5,patients,-0.000467,-0.004124,0.003062,0.726727,0.001835,10000
contrast,C0-S0,1.0,lead_dropout_s3,macro_auroc,5,seeds+patients,-0.000467,-0.00602,0.004126,0.819318,0.002585,10000
contrast,S1-S0,1.0,lead_dropout_s3,macro_auroc,5,patients,-0.009814,-0.013231,-0.005414,0.0002,0.002006,10000
contrast,S1-S0,1.0,lead_dropout_s3,macro_auroc,5,seeds+patients,-0.009814,-0.01436,-0.004175,0.0008,0.002592,10000
contrast,C1-C0,1.0,lead_dropout_s3,macro_auroc,5,patients,-0.007154,-0.010263,-0.004301,0.0002,0.001521,10000
contrast,C1-C0,1.0,lead_dropout_s3,macro_auroc,5,seeds+patients,-0.007154,-0.012084,-0.00207,0.006799,0.002561,10000
arm,S0,1.0,limb_reversal_s1,macro_auroc,5,patients,0.03066,0.024939,0.035736,0.0002,0.002736,10000
arm,S1,1.0,limb_reversal_s1,macro_auroc,5,patients,0.038091,0.031628,0.043035,0.0002,0.002885,10000
arm,C0,1.0,limb_reversal_s1,macro_auroc,5,patients,0.028072,0.02331,0.032215,0.0002,0.002256,10000
arm,C1,1.0,limb_reversal_s1,macro_auroc,5,patients,0.032817,0.026839,0.03749,0.0002,0.002722,10000
contrast,C1-S1,1.0,limb_reversal_s1,macro_auroc,5,patients,-0.005274,-0.007165,-0.003188,0.0002,0.00102,10000
contrast,C1-S1,1.0,limb_reversal_s1,macro_auroc,5,seeds+patients,-0.005274,-0.009384,-0.001039,0.012999,0.002116,10000
contrast,C0-S0,1.0,limb_reversal_s1,macro_auroc,5,patients,-0.002588,-0.005389,-0.000123,0.036996,0.00135,10000
contrast,C0-S0,1.0,limb_reversal_s1,macro_auroc,5,seeds+patients,-0.002588,-0.007757,0.002814,0.364164,0.002705,10000
contrast,S1-S0,1.0,limb_reversal_s1,macro_auroc,5,patients,0.00743,0.003257,0.01023,0.0016,0.001773,10000
contrast,S1-S0,1.0,limb_reversal_s1,macro_auroc,5,seeds+patients,0.00743,0.001057,0.013135,0.021198,0.003057,10000
contrast,C1-C0,1.0,limb_reversal_s1,macro_auroc,5,patients,0.004744,0.002733,0.006044,0.0002,0.000849,10000
contrast,C1-C0,1.0,limb_reversal_s1,macro_auroc,5,seeds+patients,0.004744,0.001334,0.007257,0.013999,0.001501,10000
arm,S0,1.0,limb_reversal_s2,macro_auroc,5,patients,0.049316,0.042142,0.056575,0.0002,0.003701,10000
arm,S1,1.0,limb_reversal_s2,macro_auroc,5,patients,0.061457,0.053639,0.069808,0.0002,0.00412,10000
arm,C0,1.0,limb_reversal_s2,macro_auroc,5,patients,0.047862,0.041197,0.054384,0.0002,0.003391,10000
arm,C1,1.0,limb_reversal_s2,macro_auroc,5,patients,0.053633,0.046518,0.061433,0.0002,0.003828,10000
contrast,C1-S1,1.0,limb_reversal_s2,macro_auroc,5,patients,-0.007824,-0.011435,-0.004078,0.0002,0.001882,10000
contrast,C1-S1,1.0,limb_reversal_s2,macro_auroc,5,seeds+patients,-0.007824,-0.014688,-0.001559,0.013599,0.003297,10000
contrast,C0-S0,1.0,limb_reversal_s2,macro_auroc,5,patients,-0.001454,-0.00585,0.003015,0.507149,0.002246,10000
contrast,C0-S0,1.0,limb_reversal_s2,macro_auroc,5,seeds+patients,-0.001454,-0.010154,0.007067,0.731727,0.004369,10000
contrast,S1-S0,1.0,limb_reversal_s2,macro_auroc,5,patients,0.012141,0.007525,0.017149,0.0002,0.00244,10000
contrast,S1-S0,1.0,limb_reversal_s2,macro_auroc,5,seeds+patients,0.012141,0.004012,0.02086,0.0034,0.004237,10000
contrast,C1-C0,1.0,limb_reversal_s2,macro_auroc,5,patients,0.005771,0.0031,0.009031,0.0002,0.001502,10000
contrast,C1-C0,1.0,limb_reversal_s2,macro_auroc,5,seeds+patients,0.005771,0.001545,0.010429,0.013399,0.002233,10000
arm,S0,1.0,limb_reversal_s3,macro_auroc,5,patients,0.089964,0.077191,0.102131,0.0002,0.006399,10000
arm,S1,1.0,limb_reversal_s3,macro_auroc,5,patients,0.113684,0.101206,0.126646,0.0002,0.006495,10000
arm,C0,1.0,limb_reversal_s3,macro_auroc,5,patients,0.088282,0.075305,0.100505,0.0002,0.006441,10000
arm,C1,1.0,limb_reversal_s3,macro_auroc,5,patients,0.094865,0.082238,0.108144,0.0002,0.006535,10000
contrast,C1-S1,1.0,limb_reversal_s3,macro_auroc,5,patients,-0.018818,-0.024311,-0.0138,0.0002,0.002691,10000
contrast,C1-S1,1.0,limb_reversal_s3,macro_auroc,5,seeds+patients,-0.018818,-0.032291,-0.00568,0.005999,0.006681,10000
contrast,C0-S0,1.0,limb_reversal_s3,macro_auroc,5,patients,-0.001682,-0.007892,0.004731,0.60354,0.003214,10000
contrast,C0-S0,1.0,limb_reversal_s3,macro_auroc,5,seeds+patients,-0.001682,-0.023854,0.019422,0.889511,0.01107,10000
contrast,S1-S0,1.0,limb_reversal_s3,macro_auroc,5,patients,0.023719,0.017818,0.03151,0.0002,0.003485,10000
contrast,S1-S0,1.0,limb_reversal_s3,macro_auroc,5,seeds+patients,0.023719,0.005334,0.043568,0.013199,0.009782,10000
contrast,C1-C0,1.0,limb_reversal_s3,macro_auroc,5,patients,0.006584,0.002706,0.01189,0.0012,0.002326,10000
contrast,C1-C0,1.0,limb_reversal_s3,macro_auroc,5,seeds+patients,0.006584,-0.001094,0.015972,0.086191,0.004276,10000
arm,S0,1.0,baseline_step_s1,macro_auroc,5,patients,0.000217,-0.000815,0.001067,0.678532,0.000482,10000
arm,S1,1.0,baseline_step_s1,macro_auroc,5,patients,0.000252,-0.00032,0.000898,0.40316,0.000312,10000
arm,C0,1.0,baseline_step_s1,macro_auroc,5,patients,0.000313,-0.000208,0.000823,0.235776,0.000264,10000
arm,C1,1.0,baseline_step_s1,macro_auroc,5,patients,0.00044,-0.000184,0.001066,0.161784,0.000318,10000
contrast,C1-S1,1.0,baseline_step_s1,macro_auroc,5,patients,0.000188,-0.000151,0.00053,0.281172,0.000172,10000
contrast,C1-S1,1.0,baseline_step_s1,macro_auroc,5,seeds+patients,0.000188,-0.00039,0.000775,0.50135,0.000292,10000
contrast,C0-S0,1.0,baseline_step_s1,macro_auroc,5,patients,9.5e-05,-0.000497,0.000796,0.70413,0.000328,10000
contrast,C0-S0,1.0,baseline_step_s1,macro_auroc,5,seeds+patients,9.5e-05,-0.00072,0.001058,0.788321,0.000448,10000
contrast,S1-S0,1.0,baseline_step_s1,macro_auroc,5,patients,3.5e-05,-0.000494,0.000726,0.847115,0.000311,10000
contrast,S1-S0,1.0,baseline_step_s1,macro_auroc,5,seeds+patients,3.5e-05,-0.000746,0.001121,0.932707,0.000463,10000
contrast,C1-C0,1.0,baseline_step_s1,macro_auroc,5,patients,0.000128,-0.000242,0.000534,0.516948,0.000198,10000
contrast,C1-C0,1.0,baseline_step_s1,macro_auroc,5,seeds+patients,0.000128,-0.000502,0.000799,0.671933,0.000328,10000
arm,S0,1.0,baseline_step_s2,macro_auroc,5,patients,0.001124,-5.4e-05,0.002293,0.060794,0.000603,10000
arm,S1,1.0,baseline_step_s2,macro_auroc,5,patients,0.000505,-0.000933,0.001803,0.462954,0.000693,10000
arm,C0,1.0,baseline_step_s2,macro_auroc,5,patients,0.000667,-0.000524,0.001791,0.271573,0.000592,10000
arm,C1,1.0,baseline_step_s2,macro_auroc,5,patients,0.000819,-0.000365,0.001913,0.168983,0.000577,10000
contrast,C1-S1,1.0,baseline_step_s2,macro_auroc,5,patients,0.000314,-0.000275,0.000986,0.351365,0.000325,10000
contrast,C1-S1,1.0,baseline_step_s2,macro_auroc,5,seeds+patients,0.000314,-0.000767,0.001563,0.606339,0.00059,10000
contrast,C0-S0,1.0,baseline_step_s2,macro_auroc,5,patients,-0.000457,-0.001045,0.000189,0.169183,0.000315,10000
contrast,C0-S0,1.0,baseline_step_s2,macro_auroc,5,seeds+patients,-0.000457,-0.001676,0.000685,0.444756,0.000593,10000
contrast,S1-S0,1.0,baseline_step_s2,macro_auroc,5,patients,-0.000618,-0.00144,0.000203,0.149185,0.000422,10000
contrast,S1-S0,1.0,baseline_step_s2,macro_auroc,5,seeds+patients,-0.000618,-0.001839,0.000532,0.290971,0.000592,10000
contrast,C1-C0,1.0,baseline_step_s2,macro_auroc,5,patients,0.000152,-0.000419,0.000762,0.650135,0.000302,10000
contrast,C1-C0,1.0,baseline_step_s2,macro_auroc,5,seeds+patients,0.000152,-0.000838,0.001206,0.780922,0.000507,10000
arm,S0,1.0,baseline_step_s3,macro_auroc,5,patients,0.001366,-0.000486,0.003331,0.142386,0.00097,10000
arm,S1,1.0,baseline_step_s3,macro_auroc,5,patients,0.002825,0.000857,0.004729,0.0044,0.000986,10000
arm,C0,1.0,baseline_step_s3,macro_auroc,5,patients,0.002104,0.000342,0.003721,0.016998,0.000868,10000
arm,C1,1.0,baseline_step_s3,macro_auroc,5,patients,0.002059,0.000295,0.003752,0.021998,0.000884,10000
contrast,C1-S1,1.0,baseline_step_s3,macro_auroc,5,patients,-0.000766,-0.001729,0.00019,0.112789,0.000488,10000
contrast,C1-S1,1.0,baseline_step_s3,macro_auroc,5,seeds+patients,-0.000766,-0.002265,0.000909,0.30057,0.000784,10000
contrast,C0-S0,1.0,baseline_step_s3,macro_auroc,5,patients,0.000738,-0.000411,0.001895,0.225577,0.000593,10000
contrast,C0-S0,1.0,baseline_step_s3,macro_auroc,5,seeds+patients,0.000738,-0.001154,0.002763,0.439356,0.000971,10000
contrast,S1-S0,1.0,baseline_step_s3,macro_auroc,5,patients,0.001459,4e-06,0.002906,0.049195,0.00074,10000
contrast,S1-S0,1.0,baseline_step_s3,macro_auroc,5,seeds+patients,0.001459,-0.000556,0.003588,0.155784,0.001039,10000
contrast,C1-C0,1.0,baseline_step_s3,macro_auroc,5,patients,-4.5e-05,-0.001305,0.000935,0.975102,0.000577,10000
contrast,C1-C0,1.0,baseline_step_s3,macro_auroc,5,seeds+patients,-4.5e-05,-0.001621,0.00148,0.945905,0.000786,10000
arm,S0,1.0,seen_baseline_wander_s1,macro_auroc,5,patients,0.000133,-0.000201,0.000407,0.479952,0.000158,10000
arm,S1,1.0,seen_baseline_wander_s1,macro_auroc,5,patients,6.8e-05,-9e-05,0.000187,0.428757,7.1e-05,10000
arm,C0,1.0,seen_baseline_wander_s1,macro_auroc,5,patients,0.000244,4.1e-05,0.000391,0.015798,8.9e-05,10000
arm,C1,1.0,seen_baseline_wander_s1,macro_auroc,5,patients,8.3e-05,-6e-05,0.000226,0.29977,7.4e-05,10000
contrast,C1-S1,1.0,seen_baseline_wander_s1,macro_auroc,5,patients,1.5e-05,-0.000112,0.000158,0.771323,6.9e-05,10000
contrast,C1-S1,1.0,seen_baseline_wander_s1,macro_auroc,5,seeds+patients,1.5e-05,-0.000203,0.00028,0.89831,0.000121,10000
contrast,C0-S0,1.0,seen_baseline_wander_s1,macro_auroc,5,patients,0.000112,-0.000165,0.000392,0.453955,0.000141,10000
contrast,C0-S0,1.0,seen_baseline_wander_s1,macro_auroc,5,seeds+patients,0.000112,-0.000413,0.000638,0.706329,0.000267,10000
contrast,S1-S0,1.0,seen_baseline_wander_s1,macro_auroc,5,patients,-6.4e-05,-0.000309,0.000205,0.664934,0.000132,10000
contrast,S1-S0,1.0,seen_baseline_wander_s1,macro_auroc,5,seeds+patients,-6.4e-05,-0.00053,0.000397,0.805919,0.000236,10000
contrast,C1-C0,1.0,seen_baseline_wander_s1,macro_auroc,5,patients,-0.000161,-0.00031,2.7e-05,0.09919,8.5e-05,10000
contrast,C1-C0,1.0,seen_baseline_wander_s1,macro_auroc,5,seeds+patients,-0.000161,-0.000417,0.00015,0.29637,0.000143,10000
arm,S0,1.0,seen_baseline_wander_s2,macro_auroc,5,patients,0.000319,-0.000288,0.000917,0.29937,0.000304,10000
arm,S1,1.0,seen_baseline_wander_s2,macro_auroc,5,patients,0.000208,-0.000124,0.00051,0.238976,0.000161,10000
arm,C0,1.0,seen_baseline_wander_s2,macro_auroc,5,patients,0.000758,0.000166,0.001249,0.012799,0.000278,10000
arm,C1,1.0,seen_baseline_wander_s2,macro_auroc,5,patients,0.000283,7e-06,0.00053,0.044596,0.000134,10000
contrast,C1-S1,1.0,seen_baseline_wander_s2,macro_auroc,5,patients,7.5e-05,-0.000155,0.000339,0.442156,0.000125,10000
contrast,C1-S1,1.0,seen_baseline_wander_s2,macro_auroc,5,seeds+patients,7.5e-05,-0.000265,0.000446,0.578942,0.000179,10000
contrast,C0-S0,1.0,seen_baseline_wander_s2,macro_auroc,5,patients,0.000439,1.6e-05,0.000841,0.040396,0.000213,10000
contrast,C0-S0,1.0,seen_baseline_wander_s2,macro_auroc,5,seeds+patients,0.000439,-0.000386,0.00126,0.287971,0.000412,10000
contrast,S1-S0,1.0,seen_baseline_wander_s2,macro_auroc,5,patients,-0.000112,-0.000564,0.000338,0.585741,0.000229,10000
contrast,S1-S0,1.0,seen_baseline_wander_s2,macro_auroc,5,seeds+patients,-0.000112,-0.000856,0.000616,0.720528,0.000372,10000
contrast,C1-C0,1.0,seen_baseline_wander_s2,macro_auroc,5,patients,-0.000475,-0.000867,-2.2e-05,0.039996,0.000215,10000
contrast,C1-C0,1.0,seen_baseline_wander_s2,macro_auroc,5,seeds+patients,-0.000475,-0.001009,0.000118,0.111789,0.000281,10000
arm,S0,1.0,seen_baseline_wander_s3,macro_auroc,5,patients,0.001155,0.000338,0.002087,0.007799,0.000446,10000
arm,S1,1.0,seen_baseline_wander_s3,macro_auroc,5,patients,0.000455,3.4e-05,0.000948,0.036996,0.000234,10000
arm,C0,1.0,seen_baseline_wander_s3,macro_auroc,5,patients,0.001499,0.000723,0.002346,0.0002,0.000413,10000
arm,C1,1.0,seen_baseline_wander_s3,macro_auroc,5,patients,0.000733,0.000283,0.001311,0.0012,0.000261,10000
contrast,C1-S1,1.0,seen_baseline_wander_s3,macro_auroc,5,patients,0.000277,-0.00014,0.000713,0.185381,0.000219,10000
contrast,C1-S1,1.0,seen_baseline_wander_s3,macro_auroc,5,seeds+patients,0.000277,-0.000335,0.000962,0.374163,0.000335,10000
contrast,C0-S0,1.0,seen_baseline_wander_s3,macro_auroc,5,patients,0.000345,-0.000246,0.000931,0.276372,0.000301,10000
contrast,C0-S0,1.0,seen_baseline_wander_s3,macro_auroc,5,seeds+patients,0.000345,-0.000576,0.001188,0.446955,0.000448,10000
contrast,S1-S0,1.0,seen_baseline_wander_s3,macro_auroc,5,patients,-0.000699,-0.001419,-3e-06,0.048795,0.000359,10000
contrast,S1-S0,1.0,seen_baseline_wander_s3,macro_auroc,5,seeds+patients,-0.000699,-0.001612,0.000153,0.111389,0.000451,10000
contrast,C1-C0,1.0,seen_baseline_wander_s3,macro_auroc,5,patients,-0.000767,-0.001314,-0.000151,0.016198,0.000297,10000
contrast,C1-C0,1.0,seen_baseline_wander_s3,macro_auroc,5,seeds+patients,-0.000767,-0.00167,0.00019,0.116388,0.000467,10000
arm,S0,1.0,seen_emg_bursts_s1,macro_auroc,5,patients,0.00013,-0.000262,0.000504,0.532147,0.000194,10000
arm,S1,1.0,seen_emg_bursts_s1,macro_auroc,5,patients,-0.000151,-0.000369,8.2e-05,0.213779,0.000115,10000
arm,C0,1.0,seen_emg_bursts_s1,macro_auroc,5,patients,6.7e-05,-0.000301,0.000397,0.756724,0.000176,10000
arm,C1,1.0,seen_emg_bursts_s1,macro_auroc,5,patients,-8.7e-05,-0.000356,0.000154,0.525347,0.000132,10000
contrast,C1-S1,1.0,seen_emg_bursts_s1,macro_auroc,5,patients,6.3e-05,-0.000128,0.000247,0.540546,9.5e-05,10000
contrast,C1-S1,1.0,seen_emg_bursts_s1,macro_auroc,5,seeds+patients,6.3e-05,-0.000264,0.000384,0.705529,0.000161,10000
contrast,C0-S0,1.0,seen_emg_bursts_s1,macro_auroc,5,patients,-6.3e-05,-0.000373,0.000209,0.666733,0.000149,10000
contrast,C0-S0,1.0,seen_emg_bursts_s1,macro_auroc,5,seeds+patients,-6.3e-05,-0.000639,0.000417,0.838116,0.000268,10000
contrast,S1-S0,1.0,seen_emg_bursts_s1,macro_auroc,5,patients,-0.000281,-0.000559,2.8e-05,0.075992,0.00015,10000
contrast,S1-S0,1.0,seen_emg_bursts_s1,macro_auroc,5,seeds+patients,-0.000281,-0.000908,0.000306,0.388961,0.000306,10000
contrast,C1-C0,1.0,seen_emg_bursts_s1,macro_auroc,5,patients,-0.000154,-0.000402,0.000136,0.30157,0.000135,10000
contrast,C1-C0,1.0,seen_emg_bursts_s1,macro_auroc,5,seeds+patients,-0.000154,-0.000484,0.000213,0.437956,0.000179,10000
arm,S0,1.0,seen_emg_bursts_s2,macro_auroc,5,patients,0.001048,0.000122,0.001898,0.027997,0.000451,10000
arm,S1,1.0,seen_emg_bursts_s2,macro_auroc,5,patients,0.000306,-0.000112,0.000681,0.153185,0.000204,10000
arm,C0,1.0,seen_emg_bursts_s2,macro_auroc,5,patients,0.000951,8.5e-05,0.001731,0.032997,0.000419,10000
arm,C1,1.0,seen_emg_bursts_s2,macro_auroc,5,patients,-0.000102,-0.000554,0.000461,0.812519,0.000258,10000
contrast,C1-S1,1.0,seen_emg_bursts_s2,macro_auroc,5,patients,-0.000408,-0.000834,9.8e-05,0.126587,0.000238,10000
contrast,C1-S1,1.0,seen_emg_bursts_s2,macro_auroc,5,seeds+patients,-0.000408,-0.001035,0.000303,0.275172,0.000338,10000
contrast,C0-S0,1.0,seen_emg_bursts_s2,macro_auroc,5,patients,-9.7e-05,-0.00068,0.000465,0.743726,0.000298,10000
contrast,C0-S0,1.0,seen_emg_bursts_s2,macro_auroc,5,seeds+patients,-9.7e-05,-0.001146,0.001007,0.842716,0.000542,10000
contrast,S1-S0,1.0,seen_emg_bursts_s2,macro_auroc,5,patients,-0.000742,-0.001503,0.000179,0.112789,0.000429,10000
contrast,S1-S0,1.0,seen_emg_bursts_s2,macro_auroc,5,seeds+patients,-0.000742,-0.001754,0.000315,0.170783,0.00052,10000
contrast,C1-C0,1.0,seen_emg_bursts_s2,macro_auroc,5,patients,-0.001053,-0.001652,-0.000323,0.0042,0.000336,10000
contrast,C1-C0,1.0,seen_emg_bursts_s2,macro_auroc,5,seeds+patients,-0.001053,-0.002018,-1.1e-05,0.046995,0.000511,10000
arm,S0,1.0,seen_emg_bursts_s3,macro_auroc,5,patients,0.002722,0.001125,0.004081,0.0004,0.000761,10000
arm,S1,1.0,seen_emg_bursts_s3,macro_auroc,5,patients,0.000887,8.4e-05,0.001573,0.027197,0.000383,10000
arm,C0,1.0,seen_emg_bursts_s3,macro_auroc,5,patients,0.003058,0.001432,0.004412,0.0002,0.00076,10000
arm,C1,1.0,seen_emg_bursts_s3,macro_auroc,5,patients,0.001024,0.000288,0.001637,0.0048,0.000345,10000
contrast,C1-S1,1.0,seen_emg_bursts_s3,macro_auroc,5,patients,0.000136,-0.000428,0.000745,0.632537,0.000298,10000
contrast,C1-S1,1.0,seen_emg_bursts_s3,macro_auroc,5,seeds+patients,0.000136,-0.00078,0.001121,0.765123,0.000478,10000
contrast,C0-S0,1.0,seen_emg_bursts_s3,macro_auroc,5,patients,0.000335,-0.000487,0.001137,0.414559,0.000417,10000
contrast,C0-S0,1.0,seen_emg_bursts_s3,macro_auroc,5,seeds+patients,0.000335,-0.001288,0.001977,0.633537,0.000819,10000
contrast,S1-S0,1.0,seen_emg_bursts_s3,macro_auroc,5,patients,-0.001835,-0.0029,-0.000574,0.0036,0.000597,10000
contrast,S1-S0,1.0,seen_emg_bursts_s3,macro_auroc,5,seeds+patients,-0.001835,-0.003282,-0.000315,0.015398,0.000762,10000
contrast,C1-C0,1.0,seen_emg_bursts_s3,macro_auroc,5,patients,-0.002034,-0.00305,-0.000858,0.0006,0.000554,10000
contrast,C1-C0,1.0,seen_emg_bursts_s3,macro_auroc,5,seeds+patients,-0.002034,-0.003888,-0.000186,0.031397,0.000942,10000
arm,S0,1.0,seen_lead_scaling_s1,macro_auroc,5,patients,0.000255,-0.000888,0.001534,0.692331,0.000619,10000
arm,S1,1.0,seen_lead_scaling_s1,macro_auroc,5,patients,0.000129,-0.000647,0.001023,0.718928,0.000422,10000
arm,C0,1.0,seen_lead_scaling_s1,macro_auroc,5,patients,0.000276,-0.000915,0.001649,0.677732,0.000651,10000
arm,C1,1.0,seen_lead_scaling_s1,macro_auroc,5,patients,1e-06,-0.000647,0.000771,0.911509,0.000358,10000
contrast,C1-S1,1.0,seen_lead_scaling_s1,macro_auroc,5,patients,-0.000127,-0.000456,0.000208,0.519548,0.000169,10000
contrast,C1-S1,1.0,seen_lead_scaling_s1,macro_auroc,5,seeds+patients,-0.000127,-0.000798,0.000583,0.691931,0.000338,10000
contrast,C0-S0,1.0,seen_lead_scaling_s1,macro_auroc,5,patients,2.1e-05,-0.00044,0.00056,0.939906,0.000258,10000
contrast,C0-S0,1.0,seen_lead_scaling_s1,macro_auroc,5,seeds+patients,2.1e-05,-0.000792,0.000819,0.934507,0.000408,10000
contrast,S1-S0,1.0,seen_lead_scaling_s1,macro_auroc,5,patients,-0.000127,-0.000696,0.000452,0.742326,0.000292,10000
contrast,S1-S0,1.0,seen_lead_scaling_s1,macro_auroc,5,seeds+patients,-0.000127,-0.001052,0.000857,0.826317,0.000483,10000
contrast,C1-C0,1.0,seen_lead_scaling_s1,macro_auroc,5,patients,-0.000275,-0.001021,0.000423,0.537746,0.000372,10000
contrast,C1-C0,1.0,seen_lead_scaling_s1,macro_auroc,5,seeds+patients,-0.000275,-0.00114,0.000592,0.574143,0.000438,10000
arm,S0,1.0,seen_lead_scaling_s2,macro_auroc,5,patients,0.000216,-0.00268,0.002587,0.847915,0.001349,10000
arm,S1,1.0,seen_lead_scaling_s2,macro_auroc,5,patients,-2e-06,-0.001715,0.001551,0.993701,0.000835,10000
arm,C0,1.0,seen_lead_scaling_s2,macro_auroc,5,patients,0.000359,-0.00219,0.002344,0.742526,0.001162,10000
arm,C1,1.0,seen_lead_scaling_s2,macro_auroc,5,patients,-4.2e-05,-0.00202,0.001655,0.975702,0.000932,10000
contrast,C1-S1,1.0,seen_lead_scaling_s2,macro_auroc,5,patients,-4e-05,-0.000714,0.000711,0.980502,0.00036,10000
contrast,C1-S1,1.0,seen_lead_scaling_s2,macro_auroc,5,seeds+patients,-4e-05,-0.00113,0.001074,0.992501,0.000558,10000
contrast,C0-S0,1.0,seen_lead_scaling_s2,macro_auroc,5,patients,0.000143,-0.000762,0.00107,0.786521,0.000472,10000
contrast,C0-S0,1.0,seen_lead_scaling_s2,macro_auroc,5,seeds+patients,0.000143,-0.001195,0.001541,0.851915,0.000691,10000
contrast,S1-S0,1.0,seen_lead_scaling_s2,macro_auroc,5,patients,-0.000218,-0.001523,0.001283,0.760124,0.000717,10000
contrast,S1-S0,1.0,seen_lead_scaling_s2,macro_auroc,5,seeds+patients,-0.000218,-0.001777,0.001766,0.761924,0.00089,10000
contrast,C1-C0,1.0,seen_lead_scaling_s2,macro_auroc,5,patients,-0.000401,-0.00116,0.000551,0.429557,0.000437,10000
contrast,C1-C0,1.0,seen_lead_scaling_s2,macro_auroc,5,seeds+patients,-0.000401,-0.001537,0.000932,0.561144,0.000619,10000
arm,S0,1.0,seen_lead_scaling_s3,macro_auroc,5,patients,0.005291,0.002476,0.008323,0.0004,0.001495,10000
arm,S1,1.0,seen_lead_scaling_s3,macro_auroc,5,patients,0.002678,0.000742,0.004771,0.006399,0.001037,10000
arm,C0,1.0,seen_lead_scaling_s3,macro_auroc,5,patients,0.004699,0.001444,0.007803,0.0016,0.001617,10000
arm,C1,1.0,seen_lead_scaling_s3,macro_auroc,5,patients,0.003586,0.0018,0.005499,0.0002,0.000959,10000
contrast,C1-S1,1.0,seen_lead_scaling_s3,macro_auroc,5,patients,0.000908,-0.000176,0.001907,0.10319,0.000539,10000
contrast,C1-S1,1.0,seen_lead_scaling_s3,macro_auroc,5,seeds+patients,0.000908,-0.000837,0.002505,0.280372,0.000848,10000
contrast,C0-S0,1.0,seen_lead_scaling_s3,macro_auroc,5,patients,-0.000592,-0.002392,0.00103,0.482752,0.000882,10000
contrast,C0-S0,1.0,seen_lead_scaling_s3,macro_auroc,5,seeds+patients,-0.000592,-0.00349,0.002162,0.641136,0.001426,10000
contrast,S1-S0,1.0,seen_lead_scaling_s3,macro_auroc,5,patients,-0.002613,-0.004575,-0.000809,0.0034,0.000956,10000
contrast,S1-S0,1.0,seen_lead_scaling_s3,macro_auroc,5,seeds+patients,-0.002613,-0.005077,-0.000363,0.021798,0.001193,10000
contrast,C1-C0,1.0,seen_lead_scaling_s3,macro_auroc,5,patients,-0.001113,-0.003349,0.001193,0.333567,0.00115,10000
contrast,C1-C0,1.0,seen_lead_scaling_s3,macro_auroc,5,seeds+patients,-0.001113,-0.004235,0.001887,0.448555,0.001535,10000
arm,S0,1.0,held_out_mean,e3_macro_auroc,5,patients,0.014032,0.012606,0.015529,0.0002,0.000736,10000
arm,S1,1.0,held_out_mean,e3_macro_auroc,5,patients,0.015151,0.013734,0.016577,0.0002,0.000724,10000
arm,C0,1.0,held_out_mean,e3_macro_auroc,5,patients,0.011824,0.010606,0.013051,0.0002,0.000626,10000
arm,C1,1.0,held_out_mean,e3_macro_auroc,5,patients,0.012815,0.011389,0.01432,0.0002,0.00075,10000
contrast,C1-S1,1.0,held_out_mean,e3_macro_auroc,5,patients,-0.002336,-0.003041,-0.001596,0.0002,0.000371,10000
contrast,C1-S1,1.0,held_out_mean,e3_macro_auroc,5,seeds+patients,-0.002336,-0.004167,-0.000712,0.005999,0.000881,10000
contrast,C0-S0,1.0,held_out_mean,e3_macro_auroc,5,patients,-0.002209,-0.002929,-0.00155,0.0002,0.000349,10000
contrast,C0-S0,1.0,held_out_mean,e3_macro_auroc,5,seeds+patients,-0.002209,-0.00402,0.000119,0.061394,0.001072,10000
contrast,S1-S0,1.0,held_out_mean,e3_macro_auroc,5,patients,0.001119,0.000351,0.001873,0.0048,0.000386,10000
contrast,S1-S0,1.0,held_out_mean,e3_macro_auroc,5,seeds+patients,0.001119,-0.001235,0.003494,0.373363,0.001221,10000
contrast,C1-C0,1.0,held_out_mean,e3_macro_auroc,5,patients,0.000991,0.000287,0.001768,0.003,0.00038,10000
contrast,C1-C0,1.0,held_out_mean,e3_macro_auroc,5,seeds+patients,0.000991,-0.000182,0.002412,0.10019,0.000655,10000
arm,S0,1.0,seen_mean,e3_macro_auroc,5,patients,0.000707,0.000503,0.000917,0.0002,0.000106,10000
arm,S1,1.0,seen_mean,e3_macro_auroc,5,patients,0.000391,0.000244,0.00054,0.0002,7.6e-05,10000
arm,C0,1.0,seen_mean,e3_macro_auroc,5,patients,0.000587,0.000389,0.000784,0.0002,0.000101,10000
arm,C1,1.0,seen_mean,e3_macro_auroc,5,patients,0.000337,0.000182,0.000491,0.0002,7.8e-05,10000
contrast,C1-S1,1.0,seen_mean,e3_macro_auroc,5,patients,-5.4e-05,-0.000131,2e-05,0.158784,3.9e-05,10000
contrast,C1-S1,1.0,seen_mean,e3_macro_auroc,5,seeds+patients,-5.4e-05,-0.000166,5.4e-05,0.318768,5.6e-05,10000
contrast,C0-S0,1.0,seen_mean,e3_macro_auroc,5,patients,-0.00012,-0.000235,-9e-06,0.034397,5.7e-05,10000
contrast,C0-S0,1.0,seen_mean,e3_macro_auroc,5,seeds+patients,-0.00012,-0.000297,6.2e-05,0.177582,9e-05,10000
contrast,S1-S0,1.0,seen_mean,e3_macro_auroc,5,patients,-0.000316,-0.000452,-0.000188,0.0002,6.7e-05,10000
contrast,S1-S0,1.0,seen_mean,e3_macro_auroc,5,seeds+patients,-0.000316,-0.000499,-0.000131,0.0024,9.2e-05,10000
contrast,C1-C0,1.0,seen_mean,e3_macro_auroc,5,patients,-0.00025,-0.000362,-0.000137,0.0002,5.7e-05,10000
contrast,C1-C0,1.0,seen_mean,e3_macro_auroc,5,seeds+patients,-0.00025,-0.000408,-9.4e-05,0.0028,7.9e-05,10000
arm,S0,1.0,lead_dropout_mean,e3_macro_auroc,5,patients,0.016303,0.014547,0.018123,0.0002,0.000918,10000
arm,S1,1.0,lead_dropout_mean,e3_macro_auroc,5,patients,0.011926,0.010485,0.013371,0.0002,0.000729,10000
arm,C0,1.0,lead_dropout_mean,e3_macro_auroc,5,patients,0.01494,0.013255,0.016629,0.0002,0.000858,10000
arm,C1,1.0,lead_dropout_mean,e3_macro_auroc,5,patients,0.012429,0.010975,0.013897,0.0002,0.000751,10000
contrast,C1-S1,1.0,lead_dropout_mean,e3_macro_auroc,5,patients,0.000503,-5e-06,0.001017,0.053195,0.00026,10000
contrast,C1-S1,1.0,lead_dropout_mean,e3_macro_auroc,5,seeds+patients,0.000503,-0.000717,0.001826,0.439956,0.000651,10000
contrast,C0-S0,1.0,lead_dropout_mean,e3_macro_auroc,5,patients,-0.001363,-0.002142,-0.000616,0.0004,0.000392,10000
contrast,C0-S0,1.0,lead_dropout_mean,e3_macro_auroc,5,seeds+patients,-0.001363,-0.002779,0.00016,0.073593,0.000738,10000
contrast,S1-S0,1.0,lead_dropout_mean,e3_macro_auroc,5,patients,-0.004377,-0.005335,-0.003476,0.0002,0.000473,10000
contrast,S1-S0,1.0,lead_dropout_mean,e3_macro_auroc,5,seeds+patients,-0.004377,-0.005904,-0.002927,0.0002,0.000754,10000
contrast,C1-C0,1.0,lead_dropout_mean,e3_macro_auroc,5,patients,-0.002512,-0.003258,-0.001774,0.0002,0.00038,10000
contrast,C1-C0,1.0,lead_dropout_mean,e3_macro_auroc,5,seeds+patients,-0.002512,-0.004312,-0.000631,0.008199,0.000927,10000
arm,S0,1.0,limb_reversal_mean,e3_macro_auroc,5,patients,0.025742,0.022386,0.029517,0.0002,0.001816,10000
arm,S1,1.0,limb_reversal_mean,e3_macro_auroc,5,patients,0.033326,0.029688,0.037088,0.0002,0.001897,10000
arm,C0,1.0,limb_reversal_mean,e3_macro_auroc,5,patients,0.020389,0.017613,0.023308,0.0002,0.001443,10000
arm,C1,1.0,limb_reversal_mean,e3_macro_auroc,5,patients,0.025883,0.022178,0.029971,0.0002,0.001996,10000
contrast,C1-S1,1.0,limb_reversal_mean,e3_macro_auroc,5,patients,-0.007442,-0.009505,-0.005292,0.0002,0.001072,10000
contrast,C1-S1,1.0,limb_reversal_mean,e3_macro_auroc,5,seeds+patients,-0.007442,-0.012675,-0.002652,0.0026,0.002556,10000
contrast,C0-S0,1.0,limb_reversal_mean,e3_macro_auroc,5,patients,-0.005354,-0.007166,-0.003721,0.0002,0.000877,10000
contrast,C0-S0,1.0,limb_reversal_mean,e3_macro_auroc,5,seeds+patients,-0.005354,-0.009943,0.000337,0.062994,0.00268,10000
contrast,S1-S0,1.0,limb_reversal_mean,e3_macro_auroc,5,patients,0.007584,0.00565,0.009547,0.0002,0.000981,10000
contrast,S1-S0,1.0,limb_reversal_mean,e3_macro_auroc,5,seeds+patients,0.007584,0.000572,0.014529,0.033397,0.003596,10000
contrast,C1-C0,1.0,limb_reversal_mean,e3_macro_auroc,5,patients,0.005495,0.003671,0.007626,0.0002,0.001015,10000
contrast,C1-C0,1.0,limb_reversal_mean,e3_macro_auroc,5,seeds+patients,0.005495,0.002042,0.009815,0.005199,0.001983,10000
arm,S0,1.0,baseline_step_mean,e3_macro_auroc,5,patients,5.1e-05,-0.000146,0.000237,0.584142,9.7e-05,10000
arm,S1,1.0,baseline_step_mean,e3_macro_auroc,5,patients,0.000202,2.5e-05,0.000391,0.025397,9.5e-05,10000
arm,C0,1.0,baseline_step_mean,e3_macro_auroc,5,patients,0.000142,-4.9e-05,0.000322,0.137786,9.4e-05,10000
arm,C1,1.0,baseline_step_mean,e3_macro_auroc,5,patients,0.000133,-8.3e-05,0.000335,0.218178,0.000107,10000
contrast,C1-S1,1.0,baseline_step_mean,e3_macro_auroc,5,patients,-6.8e-05,-0.000182,3.6e-05,0.212579,5.6e-05,10000
contrast,C1-S1,1.0,baseline_step_mean,e3_macro_auroc,5,seeds+patients,-6.8e-05,-0.000227,8.1e-05,0.370963,7.8e-05,10000
contrast,C0-S0,1.0,baseline_step_mean,e3_macro_auroc,5,patients,9.1e-05,-1.6e-05,0.000196,0.09519,5.4e-05,10000
contrast,C0-S0,1.0,baseline_step_mean,e3_macro_auroc,5,seeds+patients,9.1e-05,-9.4e-05,0.000273,0.293371,9.1e-05,10000
contrast,S1-S0,1.0,baseline_step_mean,e3_macro_auroc,5,patients,0.00015,2.8e-05,0.000273,0.012799,6.3e-05,10000
contrast,S1-S0,1.0,baseline_step_mean,e3_macro_auroc,5,seeds+patients,0.00015,-3.6e-05,0.000347,0.111189,9.7e-05,10000
contrast,C1-C0,1.0,baseline_step_mean,e3_macro_auroc,5,patients,-9e-06,-0.000126,0.000109,0.856914,6e-05,10000
contrast,C1-C0,1.0,baseline_step_mean,e3_macro_auroc,5,seeds+patients,-9e-06,-0.000208,0.000174,0.942106,9.7e-05,10000
arm,S0,1.0,seen_baseline_wander_mean,e3_macro_auroc,5,patients,-3.8e-05,-0.000162,8.1e-05,0.535146,6.2e-05,10000
arm,S1,1.0,seen_baseline_wander_mean,e3_macro_auroc,5,patients,-9e-06,-8.2e-05,5.5e-05,0.811119,3.5e-05,10000
arm,C0,1.0,seen_baseline_wander_mean,e3_macro_auroc,5,patients,-2.8e-05,-0.000159,8.8e-05,0.663534,6.3e-05,10000
arm,C1,1.0,seen_baseline_wander_mean,e3_macro_auroc,5,patients,-4.8e-05,-0.00012,1.4e-05,0.139186,3.4e-05,10000
contrast,C1-S1,1.0,seen_baseline_wander_mean,e3_macro_auroc,5,patients,-3.9e-05,-8.9e-05,1.1e-05,0.124588,2.5e-05,10000
contrast,C1-S1,1.0,seen_baseline_wander_mean,e3_macro_auroc,5,seeds+patients,-3.9e-05,-0.000129,5.1e-05,0.351365,4.5e-05,10000
contrast,C0-S0,1.0,seen_baseline_wander_mean,e3_macro_auroc,5,patients,1e-05,-0.000102,0.000119,0.860114,5.6e-05,10000
contrast,C0-S0,1.0,seen_baseline_wander_mean,e3_macro_auroc,5,seeds+patients,1e-05,-0.000146,0.000163,0.910509,7.8e-05,10000
contrast,S1-S0,1.0,seen_baseline_wander_mean,e3_macro_auroc,5,patients,2.8e-05,-8e-05,0.000139,0.609339,5.5e-05,10000
contrast,S1-S0,1.0,seen_baseline_wander_mean,e3_macro_auroc,5,seeds+patients,2.8e-05,-0.000108,0.000175,0.687731,7.1e-05,10000
contrast,C1-C0,1.0,seen_baseline_wander_mean,e3_macro_auroc,5,patients,-2e-05,-0.000116,8e-05,0.674533,5e-05,10000
contrast,C1-C0,1.0,seen_baseline_wander_mean,e3_macro_auroc,5,seeds+patients,-2e-05,-0.000186,0.000134,0.815518,8e-05,10000
arm,S0,1.0,seen_emg_bursts_mean,e3_macro_auroc,5,patients,0.000113,-0.000169,0.000419,0.449555,0.000149,10000
arm,S1,1.0,seen_emg_bursts_mean,e3_macro_auroc,5,patients,6e-05,-8e-05,0.000194,0.381162,7e-05,10000
arm,C0,1.0,seen_emg_bursts_mean,e3_macro_auroc,5,patients,0.000104,-0.000167,0.000374,0.443756,0.000138,10000
arm,C1,1.0,seen_emg_bursts_mean,e3_macro_auroc,5,patients,-3.4e-05,-0.000174,0.000103,0.637336,7.1e-05,10000
contrast,C1-S1,1.0,seen_emg_bursts_mean,e3_macro_auroc,5,patients,-9.4e-05,-0.000199,1.1e-05,0.079992,5.4e-05,10000
contrast,C1-S1,1.0,seen_emg_bursts_mean,e3_macro_auroc,5,seeds+patients,-9.4e-05,-0.000235,4.7e-05,0.181982,7.2e-05,10000
contrast,C0-S0,1.0,seen_emg_bursts_mean,e3_macro_auroc,5,patients,-8e-06,-0.000181,0.000159,0.924908,8.9e-05,10000
contrast,C0-S0,1.0,seen_emg_bursts_mean,e3_macro_auroc,5,seeds+patients,-8e-06,-0.000288,0.000264,0.942506,0.000138,10000
contrast,S1-S0,1.0,seen_emg_bursts_mean,e3_macro_auroc,5,patients,-5.3e-05,-0.0003,0.000169,0.664334,0.000119,10000
contrast,S1-S0,1.0,seen_emg_bursts_mean,e3_macro_auroc,5,seeds+patients,-5.3e-05,-0.000372,0.000234,0.744926,0.000151,10000
contrast,C1-C0,1.0,seen_emg_bursts_mean,e3_macro_auroc,5,patients,-0.000138,-0.00035,6.5e-05,0.182982,0.000106,10000
contrast,C1-C0,1.0,seen_emg_bursts_mean,e3_macro_auroc,5,seeds+patients,-0.000138,-0.000404,0.000123,0.289771,0.000134,10000
arm,S0,1.0,seen_lead_scaling_mean,e3_macro_auroc,5,patients,0.002046,0.001535,0.002586,0.0002,0.000271,10000
arm,S1,1.0,seen_lead_scaling_mean,e3_macro_auroc,5,patients,0.001124,0.000719,0.001539,0.0002,0.000208,10000
arm,C0,1.0,seen_lead_scaling_mean,e3_macro_auroc,5,patients,0.001685,0.001182,0.002204,0.0002,0.000258,10000
arm,C1,1.0,seen_lead_scaling_mean,e3_macro_auroc,5,patients,0.001094,0.000668,0.001526,0.0002,0.000215,10000
contrast,C1-S1,1.0,seen_lead_scaling_mean,e3_macro_auroc,5,patients,-3e-05,-0.000202,0.00014,0.723128,8.6e-05,10000
contrast,C1-S1,1.0,seen_lead_scaling_mean,e3_macro_auroc,5,seeds+patients,-3e-05,-0.000302,0.000228,0.829517,0.000135,10000
contrast,C0-S0,1.0,seen_lead_scaling_mean,e3_macro_auroc,5,patients,-0.000361,-0.000608,-0.000123,0.0042,0.000123,10000
contrast,C0-S0,1.0,seen_lead_scaling_mean,e3_macro_auroc,5,seeds+patients,-0.000361,-0.000713,-9e-06,0.045395,0.000177,10000
contrast,S1-S0,1.0,seen_lead_scaling_mean,e3_macro_auroc,5,patients,-0.000922,-0.001221,-0.00064,0.0002,0.000146,10000
contrast,S1-S0,1.0,seen_lead_scaling_mean,e3_macro_auroc,5,seeds+patients,-0.000922,-0.001347,-0.000482,0.0006,0.000216,10000
contrast,C1-C0,1.0,seen_lead_scaling_mean,e3_macro_auroc,5,patients,-0.000591,-0.000823,-0.000363,0.0002,0.000118,10000
contrast,C1-C0,1.0,seen_lead_scaling_mean,e3_macro_auroc,5,seeds+patients,-0.000591,-0.000893,-0.000288,0.0004,0.000153,10000
arm,S0,1.0,lead_dropout_s1,e3_macro_auroc,5,patients,0.005934,0.004585,0.007307,0.0002,0.000697,10000
arm,S1,1.0,lead_dropout_s1,e3_macro_auroc,5,patients,0.00465,0.003511,0.00583,0.0002,0.000591,10000
arm,C0,1.0,lead_dropout_s1,e3_macro_auroc,5,patients,0.005617,0.004218,0.007026,0.0002,0.000714,10000
arm,C1,1.0,lead_dropout_s1,e3_macro_auroc,5,patients,0.00489,0.003698,0.006116,0.0002,0.000611,10000
contrast,C1-S1,1.0,lead_dropout_s1,e3_macro_auroc,5,patients,0.00024,-0.000246,0.000708,0.319568,0.000245,10000
contrast,C1-S1,1.0,lead_dropout_s1,e3_macro_auroc,5,seeds+patients,0.00024,-0.000546,0.001088,0.551745,0.000416,10000
contrast,C0-S0,1.0,lead_dropout_s1,e3_macro_auroc,5,patients,-0.000317,-0.000961,0.00033,0.322768,0.000326,10000
contrast,C0-S0,1.0,lead_dropout_s1,e3_macro_auroc,5,seeds+patients,-0.000317,-0.00147,0.000749,0.570343,0.000562,10000
contrast,S1-S0,1.0,lead_dropout_s1,e3_macro_auroc,5,patients,-0.001284,-0.002005,-0.000571,0.0006,0.000367,10000
contrast,S1-S0,1.0,lead_dropout_s1,e3_macro_auroc,5,seeds+patients,-0.001284,-0.002351,-0.000304,0.009199,0.000517,10000
contrast,C1-C0,1.0,lead_dropout_s1,e3_macro_auroc,5,patients,-0.000727,-0.001375,-6.1e-05,0.030797,0.000334,10000
contrast,C1-C0,1.0,lead_dropout_s1,e3_macro_auroc,5,seeds+patients,-0.000727,-0.001856,0.00041,0.192181,0.000569,10000
arm,S0,1.0,lead_dropout_s2,e3_macro_auroc,5,patients,0.017449,0.014836,0.020273,0.0002,0.001389,10000
arm,S1,1.0,lead_dropout_s2,e3_macro_auroc,5,patients,0.012676,0.010494,0.014945,0.0002,0.001134,10000
arm,C0,1.0,lead_dropout_s2,e3_macro_auroc,5,patients,0.015811,0.013298,0.018507,0.0002,0.001328,10000
arm,C1,1.0,lead_dropout_s2,e3_macro_auroc,5,patients,0.013393,0.011161,0.015728,0.0002,0.001168,10000
contrast,C1-S1,1.0,lead_dropout_s2,e3_macro_auroc,5,patients,0.000718,-2.6e-05,0.001474,0.057994,0.000381,10000
contrast,C1-S1,1.0,lead_dropout_s2,e3_macro_auroc,5,seeds+patients,0.000718,-0.000899,0.002467,0.39696,0.000854,10000
contrast,C0-S0,1.0,lead_dropout_s2,e3_macro_auroc,5,patients,-0.001638,-0.002676,-0.000575,0.0024,0.000535,10000
contrast,C0-S0,1.0,lead_dropout_s2,e3_macro_auroc,5,seeds+patients,-0.001638,-0.003513,0.000403,0.111589,0.001003,10000
contrast,S1-S0,1.0,lead_dropout_s2,e3_macro_auroc,5,patients,-0.004773,-0.006208,-0.003408,0.0002,0.000706,10000
contrast,S1-S0,1.0,lead_dropout_s2,e3_macro_auroc,5,seeds+patients,-0.004773,-0.007029,-0.002516,0.0002,0.001154,10000
contrast,C1-C0,1.0,lead_dropout_s2,e3_macro_auroc,5,patients,-0.002418,-0.003536,-0.001353,0.0002,0.000558,10000
contrast,C1-C0,1.0,lead_dropout_s2,e3_macro_auroc,5,seeds+patients,-0.002418,-0.004891,4.2e-05,0.054195,0.001267,10000
arm,S0,1.0,lead_dropout_s3,e3_macro_auroc,5,patients,0.025526,0.022129,0.029044,0.0002,0.001771,10000
arm,S1,1.0,lead_dropout_s3,e3_macro_auroc,5,patients,0.018452,0.015639,0.021241,0.0002,0.001423,10000
arm,C0,1.0,lead_dropout_s3,e3_macro_auroc,5,patients,0.023392,0.020148,0.026599,0.0002,0.001648,10000
arm,C1,1.0,lead_dropout_s3,e3_macro_auroc,5,patients,0.019002,0.016129,0.021869,0.0002,0.001459,10000
contrast,C1-S1,1.0,lead_dropout_s3,e3_macro_auroc,5,patients,0.00055,-0.00054,0.001629,0.318568,0.000554,10000
contrast,C1-S1,1.0,lead_dropout_s3,e3_macro_auroc,5,seeds+patients,0.00055,-0.001561,0.0027,0.594941,0.001083,10000
contrast,C0-S0,1.0,lead_dropout_s3,e3_macro_auroc,5,patients,-0.002134,-0.003796,-0.000573,0.008199,0.000828,10000
contrast,C0-S0,1.0,lead_dropout_s3,e3_macro_auroc,5,seeds+patients,-0.002134,-0.004646,0.000418,0.091191,0.001267,10000
contrast,S1-S0,1.0,lead_dropout_s3,e3_macro_auroc,5,patients,-0.007074,-0.009136,-0.005131,0.0002,0.001025,10000
contrast,S1-S0,1.0,lead_dropout_s3,e3_macro_auroc,5,seeds+patients,-0.007074,-0.010099,-0.004247,0.0002,0.001475,10000
contrast,C1-C0,1.0,lead_dropout_s3,e3_macro_auroc,5,patients,-0.00439,-0.005873,-0.002917,0.0002,0.000757,10000
contrast,C1-C0,1.0,lead_dropout_s3,e3_macro_auroc,5,seeds+patients,-0.00439,-0.007307,-0.001474,0.0044,0.001474,10000
arm,S0,1.0,limb_reversal_s1,e3_macro_auroc,5,patients,0.011135,0.008553,0.013941,0.0002,0.001378,10000
arm,S1,1.0,limb_reversal_s1,e3_macro_auroc,5,patients,0.014176,0.011407,0.017049,0.0002,0.001449,10000
arm,C0,1.0,limb_reversal_s1,e3_macro_auroc,5,patients,0.009387,0.00707,0.011771,0.0002,0.001195,10000
arm,C1,1.0,limb_reversal_s1,e3_macro_auroc,5,patients,0.012054,0.009271,0.015157,0.0002,0.001499,10000
contrast,C1-S1,1.0,limb_reversal_s1,e3_macro_auroc,5,patients,-0.002122,-0.003378,-0.000674,0.006799,0.000688,10000
contrast,C1-S1,1.0,limb_reversal_s1,e3_macro_auroc,5,seeds+patients,-0.002122,-0.005069,0.000434,0.108589,0.001417,10000
contrast,C0-S0,1.0,limb_reversal_s1,e3_macro_auroc,5,patients,-0.001748,-0.002765,-0.000839,0.0002,0.00049,10000
contrast,C0-S0,1.0,limb_reversal_s1,e3_macro_auroc,5,seeds+patients,-0.001748,-0.00394,0.000522,0.126987,0.001143,10000
contrast,S1-S0,1.0,limb_reversal_s1,e3_macro_auroc,5,patients,0.00304,0.001842,0.004264,0.0002,0.000621,10000
contrast,S1-S0,1.0,limb_reversal_s1,e3_macro_auroc,5,seeds+patients,0.00304,0.00054,0.005473,0.020598,0.00126,10000
contrast,C1-C0,1.0,limb_reversal_s1,e3_macro_auroc,5,patients,0.002667,0.001551,0.00405,0.0002,0.000635,10000
contrast,C1-C0,1.0,limb_reversal_s1,e3_macro_auroc,5,seeds+patients,0.002667,0.000617,0.00535,0.017598,0.001208,10000
arm,S0,1.0,limb_reversal_s2,e3_macro_auroc,5,patients,0.022216,0.018646,0.026149,0.0002,0.001904,10000
arm,S1,1.0,limb_reversal_s2,e3_macro_auroc,5,patients,0.028114,0.02418,0.032209,0.0002,0.002047,10000
arm,C0,1.0,limb_reversal_s2,e3_macro_auroc,5,patients,0.01805,0.015137,0.021202,0.0002,0.001546,10000
arm,C1,1.0,limb_reversal_s2,e3_macro_auroc,5,patients,0.023026,0.019047,0.027584,0.0002,0.002155,10000
contrast,C1-S1,1.0,limb_reversal_s2,e3_macro_auroc,5,patients,-0.005088,-0.007206,-0.002784,0.0002,0.001112,10000
contrast,C1-S1,1.0,limb_reversal_s2,e3_macro_auroc,5,seeds+patients,-0.005088,-0.009967,-0.000515,0.029397,0.002403,10000
contrast,C0-S0,1.0,limb_reversal_s2,e3_macro_auroc,5,patients,-0.004166,-0.005835,-0.002635,0.0002,0.00082,10000
contrast,C0-S0,1.0,limb_reversal_s2,e3_macro_auroc,5,seeds+patients,-0.004166,-0.007964,0.000421,0.073193,0.002184,10000
contrast,S1-S0,1.0,limb_reversal_s2,e3_macro_auroc,5,patients,0.005899,0.004093,0.00776,0.0002,0.000935,10000
contrast,S1-S0,1.0,limb_reversal_s2,e3_macro_auroc,5,seeds+patients,0.005899,0.000645,0.011062,0.030197,0.002672,10000
contrast,C1-C0,1.0,limb_reversal_s2,e3_macro_auroc,5,patients,0.004976,0.003019,0.007295,0.0002,0.001086,10000
contrast,C1-C0,1.0,limb_reversal_s2,e3_macro_auroc,5,seeds+patients,0.004976,0.001396,0.009493,0.010199,0.002057,10000
arm,S0,1.0,limb_reversal_s3,e3_macro_auroc,5,patients,0.043875,0.038011,0.05002,0.0002,0.003068,10000
arm,S1,1.0,limb_reversal_s3,e3_macro_auroc,5,patients,0.057687,0.051235,0.064364,0.0002,0.003345,10000
arm,C0,1.0,limb_reversal_s3,e3_macro_auroc,5,patients,0.033729,0.029078,0.038622,0.0002,0.002434,10000
arm,C1,1.0,limb_reversal_s3,e3_macro_auroc,5,patients,0.042571,0.036411,0.049013,0.0002,0.003212,10000
contrast,C1-S1,1.0,limb_reversal_s3,e3_macro_auroc,5,patients,-0.015117,-0.01887,-0.01133,0.0002,0.001906,10000
contrast,C1-S1,1.0,limb_reversal_s3,e3_macro_auroc,5,seeds+patients,-0.015117,-0.024328,-0.006938,0.001,0.004416,10000
contrast,C0-S0,1.0,limb_reversal_s3,e3_macro_auroc,5,patients,-0.010146,-0.013507,-0.007045,0.0002,0.001639,10000
contrast,C0-S0,1.0,limb_reversal_s3,e3_macro_auroc,5,seeds+patients,-0.010146,-0.019233,0.000505,0.062194,0.005111,10000
contrast,S1-S0,1.0,limb_reversal_s3,e3_macro_auroc,5,patients,0.013812,0.010456,0.017162,0.0002,0.001704,10000
contrast,S1-S0,1.0,limb_reversal_s3,e3_macro_auroc,5,seeds+patients,0.013812,0.000318,0.027698,0.045795,0.00709,10000
contrast,C1-C0,1.0,limb_reversal_s3,e3_macro_auroc,5,patients,0.008842,0.005764,0.012306,0.0002,0.001689,10000
contrast,C1-C0,1.0,limb_reversal_s3,e3_macro_auroc,5,seeds+patients,0.008842,0.003375,0.01551,0.0026,0.003098,10000
arm,S0,1.0,baseline_step_s1,e3_macro_auroc,5,patients,3e-06,-0.000196,0.000188,0.948705,9.8e-05,10000
arm,S1,1.0,baseline_step_s1,e3_macro_auroc,5,patients,4.7e-05,-0.000128,0.000207,0.573943,8.5e-05,10000
arm,C0,1.0,baseline_step_s1,e3_macro_auroc,5,patients,-7.4e-05,-0.000311,0.000134,0.514549,0.000112,10000
arm,C1,1.0,baseline_step_s1,e3_macro_auroc,5,patients,3.8e-05,-0.000152,0.000222,0.676732,9.5e-05,10000
contrast,C1-S1,1.0,baseline_step_s1,e3_macro_auroc,5,patients,-9e-06,-0.000125,0.000103,0.882712,5.8e-05,10000
contrast,C1-S1,1.0,baseline_step_s1,e3_macro_auroc,5,seeds+patients,-9e-06,-0.000178,0.000165,0.918308,8.7e-05,10000
contrast,C0-S0,1.0,baseline_step_s1,e3_macro_auroc,5,patients,-7.7e-05,-0.000219,5.7e-05,0.262974,7e-05,10000
contrast,C0-S0,1.0,baseline_step_s1,e3_macro_auroc,5,seeds+patients,-7.7e-05,-0.000289,0.000122,0.441156,0.000104,10000
contrast,S1-S0,1.0,baseline_step_s1,e3_macro_auroc,5,patients,4.4e-05,-6.4e-05,0.000146,0.440156,5.4e-05,10000
contrast,S1-S0,1.0,baseline_step_s1,e3_macro_auroc,5,seeds+patients,4.4e-05,-0.000169,0.000261,0.667933,0.000106,10000
contrast,C1-C0,1.0,baseline_step_s1,e3_macro_auroc,5,patients,0.000112,-3.7e-05,0.000274,0.147385,7.9e-05,10000
contrast,C1-C0,1.0,baseline_step_s1,e3_macro_auroc,5,seeds+patients,0.000112,-7.8e-05,0.000326,0.251775,0.000102,10000
arm,S0,1.0,baseline_step_s2,e3_macro_auroc,5,patients,9.1e-05,-0.000124,0.000306,0.40336,0.000108,10000
arm,S1,1.0,baseline_step_s2,e3_macro_auroc,5,patients,0.00026,5.4e-05,0.000466,0.013399,0.000106,10000
arm,C0,1.0,baseline_step_s2,e3_macro_auroc,5,patients,0.000327,0.000109,0.000561,0.0034,0.000115,10000
arm,C1,1.0,baseline_step_s2,e3_macro_auroc,5,patients,0.000275,5e-05,0.000499,0.013599,0.000114,10000
contrast,C1-S1,1.0,baseline_step_s2,e3_macro_auroc,5,patients,1.5e-05,-0.000121,0.000155,0.843116,7e-05,10000
contrast,C1-S1,1.0,baseline_step_s2,e3_macro_auroc,5,seeds+patients,1.5e-05,-0.000306,0.000301,0.891111,0.000153,10000
contrast,C0-S0,1.0,baseline_step_s2,e3_macro_auroc,5,patients,0.000236,9.4e-05,0.000393,0.0014,7.7e-05,10000
contrast,C0-S0,1.0,baseline_step_s2,e3_macro_auroc,5,seeds+patients,0.000236,-3.6e-05,0.000513,0.085391,0.000137,10000
contrast,S1-S0,1.0,baseline_step_s2,e3_macro_auroc,5,patients,0.00017,6e-06,0.000344,0.041796,8.6e-05,10000
contrast,S1-S0,1.0,baseline_step_s2,e3_macro_auroc,5,seeds+patients,0.00017,-0.000103,0.000455,0.224978,0.000143,10000
contrast,C1-C0,1.0,baseline_step_s2,e3_macro_auroc,5,patients,-5.2e-05,-0.000282,0.000148,0.621738,0.000108,10000
contrast,C1-C0,1.0,baseline_step_s2,e3_macro_auroc,5,seeds+patients,-5.2e-05,-0.000366,0.000222,0.720128,0.000146,10000
arm,S0,1.0,baseline_step_s3,e3_macro_auroc,5,patients,6e-05,-0.000547,0.00054,0.767123,0.000279,10000
arm,S1,1.0,baseline_step_s3,e3_macro_auroc,5,patients,0.000297,-0.0002,0.000759,0.220378,0.000242,10000
arm,C0,1.0,baseline_step_s3,e3_macro_auroc,5,patients,0.000173,-0.000423,0.000669,0.49755,0.000275,10000
arm,C1,1.0,baseline_step_s3,e3_macro_auroc,5,patients,8.7e-05,-0.000609,0.000625,0.720328,0.000318,10000
contrast,C1-S1,1.0,baseline_step_s3,e3_macro_auroc,5,patients,-0.00021,-0.000513,3.5e-05,0.10279,0.00014,10000
contrast,C1-S1,1.0,baseline_step_s3,e3_macro_auroc,5,seeds+patients,-0.00021,-0.000675,0.00015,0.268573,0.000207,10000
contrast,C0-S0,1.0,baseline_step_s3,e3_macro_auroc,5,patients,0.000113,-0.000119,0.000346,0.356164,0.000119,10000
contrast,C0-S0,1.0,baseline_step_s3,e3_macro_auroc,5,seeds+patients,0.000113,-0.000337,0.000533,0.572943,0.000218,10000
contrast,S1-S0,1.0,baseline_step_s3,e3_macro_auroc,5,patients,0.000238,-1.4e-05,0.000503,0.066793,0.000132,10000
contrast,S1-S0,1.0,baseline_step_s3,e3_macro_auroc,5,seeds+patients,0.000238,-0.000169,0.000685,0.247775,0.000215,10000
contrast,C1-C0,1.0,baseline_step_s3,e3_macro_auroc,5,patients,-8.6e-05,-0.000344,0.000168,0.50095,0.00013,10000
contrast,C1-C0,1.0,baseline_step_s3,e3_macro_auroc,5,seeds+patients,-8.6e-05,-0.000478,0.000303,0.654935,0.000202,10000
arm,S0,1.0,seen_baseline_wander_s1,e3_macro_auroc,5,patients,1.7e-05,-6.1e-05,9.7e-05,0.669333,4e-05,10000
arm,S1,1.0,seen_baseline_wander_s1,e3_macro_auroc,5,patients,2.3e-05,-1.3e-05,5.8e-05,0.19718,1.8e-05,10000
arm,C0,1.0,seen_baseline_wander_s1,e3_macro_auroc,5,patients,-6e-06,-7.6e-05,6.1e-05,0.865513,3.5e-05,10000
arm,C1,1.0,seen_baseline_wander_s1,e3_macro_auroc,5,patients,1.6e-05,-1.8e-05,4.9e-05,0.366363,1.7e-05,10000
contrast,C1-S1,1.0,seen_baseline_wander_s1,e3_macro_auroc,5,patients,-8e-06,-4.7e-05,3.2e-05,0.69673,2e-05,10000
contrast,C1-S1,1.0,seen_baseline_wander_s1,e3_macro_auroc,5,seeds+patients,-8e-06,-6.4e-05,4.9e-05,0.769323,2.9e-05,10000
contrast,C0-S0,1.0,seen_baseline_wander_s1,e3_macro_auroc,5,patients,-2.3e-05,-9.8e-05,4.8e-05,0.534947,3.7e-05,10000
contrast,C0-S0,1.0,seen_baseline_wander_s1,e3_macro_auroc,5,seeds+patients,-2.3e-05,-0.000132,8.5e-05,0.651335,5.4e-05,10000
contrast,S1-S0,1.0,seen_baseline_wander_s1,e3_macro_auroc,5,patients,6e-06,-8.5e-05,9.3e-05,0.877112,4.6e-05,10000
contrast,S1-S0,1.0,seen_baseline_wander_s1,e3_macro_auroc,5,seeds+patients,6e-06,-0.00012,0.000121,0.89611,6e-05,10000
contrast,C1-C0,1.0,seen_baseline_wander_s1,e3_macro_auroc,5,patients,2.2e-05,-5.2e-05,9.7e-05,0.577542,3.8e-05,10000
contrast,C1-C0,1.0,seen_baseline_wander_s1,e3_macro_auroc,5,seeds+patients,2.2e-05,-9e-05,0.000132,0.70213,5.6e-05,10000
arm,S0,1.0,seen_baseline_wander_s2,e3_macro_auroc,5,patients,3.5e-05,-0.000189,0.000252,0.764524,0.000113,10000
arm,S1,1.0,seen_baseline_wander_s2,e3_macro_auroc,5,patients,9e-06,-9.9e-05,0.000103,0.845315,5.1e-05,10000
arm,C0,1.0,seen_baseline_wander_s2,e3_macro_auroc,5,patients,2e-06,-0.000234,0.000217,0.974103,0.000114,10000
arm,C1,1.0,seen_baseline_wander_s2,e3_macro_auroc,5,patients,-3.2e-05,-0.000134,5.8e-05,0.510549,4.9e-05,10000
contrast,C1-S1,1.0,seen_baseline_wander_s2,e3_macro_auroc,5,patients,-4.1e-05,-0.000112,3e-05,0.258174,3.6e-05,10000
contrast,C1-S1,1.0,seen_baseline_wander_s2,e3_macro_auroc,5,seeds+patients,-4.1e-05,-0.00017,9.7e-05,0.506949,6.8e-05,10000
contrast,C0-S0,1.0,seen_baseline_wander_s2,e3_macro_auroc,5,patients,-3.3e-05,-0.000174,0.000106,0.637936,7.2e-05,10000
contrast,C0-S0,1.0,seen_baseline_wander_s2,e3_macro_auroc,5,seeds+patients,-3.3e-05,-0.000264,0.000178,0.755524,0.000112,10000
contrast,S1-S0,1.0,seen_baseline_wander_s2,e3_macro_auroc,5,patients,-2.6e-05,-0.000196,0.000144,0.758724,8.6e-05,10000
contrast,S1-S0,1.0,seen_baseline_wander_s2,e3_macro_auroc,5,seeds+patients,-2.6e-05,-0.00025,0.000211,0.80072,0.000116,10000
contrast,C1-C0,1.0,seen_baseline_wander_s2,e3_macro_auroc,5,patients,-3.4e-05,-0.000201,0.000138,0.69793,8.6e-05,10000
contrast,C1-C0,1.0,seen_baseline_wander_s2,e3_macro_auroc,5,seeds+patients,-3.4e-05,-0.000235,0.000198,0.720128,0.00011,10000
arm,S0,1.0,seen_baseline_wander_s3,e3_macro_auroc,5,patients,-0.000166,-0.000421,7.6e-05,0.180382,0.000125,10000
arm,S1,1.0,seen_baseline_wander_s3,e3_macro_auroc,5,patients,-6.1e-05,-0.000194,6.7e-05,0.365563,6.7e-05,10000
arm,C0,1.0,seen_baseline_wander_s3,e3_macro_auroc,5,patients,-8.1e-05,-0.00035,0.000174,0.539346,0.000133,10000
arm,C1,1.0,seen_baseline_wander_s3,e3_macro_auroc,5,patients,-0.000129,-0.000258,-4e-06,0.040396,6.5e-05,10000
contrast,C1-S1,1.0,seen_baseline_wander_s3,e3_macro_auroc,5,patients,-6.8e-05,-0.000172,3.3e-05,0.189981,5.2e-05,10000
contrast,C1-S1,1.0,seen_baseline_wander_s3,e3_macro_auroc,5,seeds+patients,-6.8e-05,-0.000247,0.000121,0.407359,9.3e-05,10000
contrast,C0-S0,1.0,seen_baseline_wander_s3,e3_macro_auroc,5,patients,8.5e-05,-0.000146,0.000317,0.480352,0.000118,10000
contrast,C0-S0,1.0,seen_baseline_wander_s3,e3_macro_auroc,5,seeds+patients,8.5e-05,-0.000247,0.000424,0.613739,0.00017,10000
contrast,S1-S0,1.0,seen_baseline_wander_s3,e3_macro_auroc,5,patients,0.000106,-0.000122,0.000343,0.355364,0.000117,10000
contrast,S1-S0,1.0,seen_baseline_wander_s3,e3_macro_auroc,5,seeds+patients,0.000106,-0.000206,0.000438,0.49775,0.000162,10000
contrast,C1-C0,1.0,seen_baseline_wander_s3,e3_macro_auroc,5,patients,-4.8e-05,-0.000268,0.000189,0.671133,0.000117,10000
contrast,C1-C0,1.0,seen_baseline_wander_s3,e3_macro_auroc,5,seeds+patients,-4.8e-05,-0.000436,0.000303,0.819918,0.000186,10000
arm,S0,1.0,seen_emg_bursts_s1,e3_macro_auroc,5,patients,-4.5e-05,-0.00019,9.3e-05,0.548145,7.3e-05,10000
arm,S1,1.0,seen_emg_bursts_s1,e3_macro_auroc,5,patients,1.1e-05,-7.5e-05,9.5e-05,0.805719,4.4e-05,10000
arm,C0,1.0,seen_emg_bursts_s1,e3_macro_auroc,5,patients,3.2e-05,-0.000108,0.000169,0.662734,7.1e-05,10000
arm,C1,1.0,seen_emg_bursts_s1,e3_macro_auroc,5,patients,-8e-06,-9.9e-05,8.2e-05,0.854915,4.6e-05,10000
contrast,C1-S1,1.0,seen_emg_bursts_s1,e3_macro_auroc,5,patients,-1.9e-05,-8.5e-05,4.6e-05,0.572543,3.3e-05,10000
contrast,C1-S1,1.0,seen_emg_bursts_s1,e3_macro_auroc,5,seeds+patients,-1.9e-05,-0.000129,8.5e-05,0.713329,5.4e-05,10000
contrast,C0-S0,1.0,seen_emg_bursts_s1,e3_macro_auroc,5,patients,7.7e-05,-2e-05,0.000176,0.119788,5e-05,10000
contrast,C0-S0,1.0,seen_emg_bursts_s1,e3_macro_auroc,5,seeds+patients,7.7e-05,-7e-05,0.000223,0.29677,7.4e-05,10000
contrast,S1-S0,1.0,seen_emg_bursts_s1,e3_macro_auroc,5,patients,5.7e-05,-5e-05,0.000169,0.316568,5.6e-05,10000
contrast,S1-S0,1.0,seen_emg_bursts_s1,e3_macro_auroc,5,seeds+patients,5.7e-05,-0.000105,0.000222,0.477552,8.2e-05,10000
contrast,C1-C0,1.0,seen_emg_bursts_s1,e3_macro_auroc,5,patients,-4e-05,-0.000142,6.3e-05,0.465153,5.3e-05,10000
contrast,C1-C0,1.0,seen_emg_bursts_s1,e3_macro_auroc,5,seeds+patients,-4e-05,-0.000176,0.000106,0.560544,7e-05,10000
arm,S0,1.0,seen_emg_bursts_s2,e3_macro_auroc,5,patients,9.6e-05,-0.000263,0.000462,0.606739,0.000184,10000
arm,S1,1.0,seen_emg_bursts_s2,e3_macro_auroc,5,patients,7.6e-05,-0.000122,0.000272,0.444356,0.0001,10000
arm,C0,1.0,seen_emg_bursts_s2,e3_macro_auroc,5,patients,-6.7e-05,-0.000506,0.000317,0.780522,0.000209,10000
arm,C1,1.0,seen_emg_bursts_s2,e3_macro_auroc,5,patients,-5.4e-05,-0.000273,0.000163,0.638536,0.000112,10000
contrast,C1-S1,1.0,seen_emg_bursts_s2,e3_macro_auroc,5,patients,-0.00013,-0.00026,-6e-06,0.041596,6.5e-05,10000
contrast,C1-S1,1.0,seen_emg_bursts_s2,e3_macro_auroc,5,seeds+patients,-0.00013,-0.00032,5e-05,0.149985,9.3e-05,10000
contrast,C0-S0,1.0,seen_emg_bursts_s2,e3_macro_auroc,5,patients,-0.000162,-0.000466,0.000112,0.268373,0.000147,10000
contrast,C0-S0,1.0,seen_emg_bursts_s2,e3_macro_auroc,5,seeds+patients,-0.000162,-0.000589,0.000239,0.413559,0.000207,10000
contrast,S1-S0,1.0,seen_emg_bursts_s2,e3_macro_auroc,5,patients,-1.9e-05,-0.00029,0.000246,0.90491,0.000136,10000
contrast,S1-S0,1.0,seen_emg_bursts_s2,e3_macro_auroc,5,seeds+patients,-1.9e-05,-0.000371,0.000316,0.918908,0.000174,10000
contrast,C1-C0,1.0,seen_emg_bursts_s2,e3_macro_auroc,5,patients,1.3e-05,-0.000277,0.000356,0.978502,0.000161,10000
contrast,C1-C0,1.0,seen_emg_bursts_s2,e3_macro_auroc,5,seeds+patients,1.3e-05,-0.000364,0.000443,0.989301,0.000205,10000
arm,S0,1.0,seen_emg_bursts_s3,e3_macro_auroc,5,patients,0.000289,-0.000214,0.000857,0.280372,0.000274,10000
arm,S1,1.0,seen_emg_bursts_s3,e3_macro_auroc,5,patients,9.2e-05,-0.0002,0.000381,0.515148,0.000149,10000
arm,C0,1.0,seen_emg_bursts_s3,e3_macro_auroc,5,patients,0.000348,-0.00015,0.000877,0.173183,0.000259,10000
arm,C1,1.0,seen_emg_bursts_s3,e3_macro_auroc,5,patients,-4e-05,-0.000317,0.000231,0.791321,0.000141,10000
contrast,C1-S1,1.0,seen_emg_bursts_s3,e3_macro_auroc,5,patients,-0.000132,-0.000364,0.000116,0.276372,0.000123,10000
contrast,C1-S1,1.0,seen_emg_bursts_s3,e3_macro_auroc,5,seeds+patients,-0.000132,-0.000446,0.00019,0.384962,0.000161,10000
contrast,C0-S0,1.0,seen_emg_bursts_s3,e3_macro_auroc,5,patients,6e-05,-0.000259,0.000375,0.723528,0.000161,10000
contrast,C0-S0,1.0,seen_emg_bursts_s3,e3_macro_auroc,5,seeds+patients,6e-05,-0.000449,0.000591,0.826117,0.00026,10000
contrast,S1-S0,1.0,seen_emg_bursts_s3,e3_macro_auroc,5,patients,-0.000197,-0.000664,0.000209,0.370763,0.000222,10000
contrast,S1-S0,1.0,seen_emg_bursts_s3,e3_macro_auroc,5,seeds+patients,-0.000197,-0.000815,0.000355,0.492951,0.000291,10000
contrast,C1-C0,1.0,seen_emg_bursts_s3,e3_macro_auroc,5,patients,-0.000388,-0.00081,-2.1e-05,0.037596,0.0002,10000
contrast,C1-C0,1.0,seen_emg_bursts_s3,e3_macro_auroc,5,seeds+patients,-0.000388,-0.000905,7.8e-05,0.09919,0.000246,10000
arm,S0,1.0,seen_lead_scaling_s1,e3_macro_auroc,5,patients,0.000831,0.000438,0.001234,0.0002,0.000202,10000
arm,S1,1.0,seen_lead_scaling_s1,e3_macro_auroc,5,patients,0.000502,0.000194,0.000814,0.0012,0.000157,10000
arm,C0,1.0,seen_lead_scaling_s1,e3_macro_auroc,5,patients,0.000678,0.000284,0.001082,0.0004,0.000201,10000
arm,C1,1.0,seen_lead_scaling_s1,e3_macro_auroc,5,patients,0.000403,9.2e-05,0.00073,0.011399,0.000161,10000
contrast,C1-S1,1.0,seen_lead_scaling_s1,e3_macro_auroc,5,patients,-9.9e-05,-0.000239,4.1e-05,0.161784,7.1e-05,10000
contrast,C1-S1,1.0,seen_lead_scaling_s1,e3_macro_auroc,5,seeds+patients,-9.9e-05,-0.000306,0.000109,0.332367,0.000104,10000
contrast,C0-S0,1.0,seen_lead_scaling_s1,e3_macro_auroc,5,patients,-0.000153,-0.000341,4.4e-05,0.128587,9.9e-05,10000
contrast,C0-S0,1.0,seen_lead_scaling_s1,e3_macro_auroc,5,seeds+patients,-0.000153,-0.00045,0.000128,0.280572,0.000147,10000
contrast,S1-S0,1.0,seen_lead_scaling_s1,e3_macro_auroc,5,patients,-0.000329,-0.000572,-9.4e-05,0.007399,0.000121,10000
contrast,S1-S0,1.0,seen_lead_scaling_s1,e3_macro_auroc,5,seeds+patients,-0.000329,-0.000645,-1.2e-05,0.044596,0.000161,10000
contrast,C1-C0,1.0,seen_lead_scaling_s1,e3_macro_auroc,5,patients,-0.000275,-0.000479,-7.6e-05,0.006799,0.000104,10000
contrast,C1-C0,1.0,seen_lead_scaling_s1,e3_macro_auroc,5,seeds+patients,-0.000275,-0.000545,-1e-05,0.043996,0.000135,10000
arm,S0,1.0,seen_lead_scaling_s2,e3_macro_auroc,5,patients,0.001191,0.000336,0.002098,0.007199,0.000451,10000
arm,S1,1.0,seen_lead_scaling_s2,e3_macro_auroc,5,patients,0.000457,-0.000238,0.001167,0.20138,0.000361,10000
arm,C0,1.0,seen_lead_scaling_s2,e3_macro_auroc,5,patients,0.000862,-1.9e-05,0.001747,0.055194,0.000453,10000
arm,C1,1.0,seen_lead_scaling_s2,e3_macro_auroc,5,patients,0.000554,-0.000127,0.001252,0.108389,0.000347,10000
contrast,C1-S1,1.0,seen_lead_scaling_s2,e3_macro_auroc,5,patients,9.7e-05,-0.000186,0.000384,0.513749,0.000146,10000
contrast,C1-S1,1.0,seen_lead_scaling_s2,e3_macro_auroc,5,seeds+patients,9.7e-05,-0.00032,0.000499,0.654335,0.000209,10000
contrast,C0-S0,1.0,seen_lead_scaling_s2,e3_macro_auroc,5,patients,-0.000329,-0.000696,2.9e-05,0.071993,0.000186,10000
contrast,C0-S0,1.0,seen_lead_scaling_s2,e3_macro_auroc,5,seeds+patients,-0.000329,-0.000831,0.000173,0.182582,0.000254,10000
contrast,S1-S0,1.0,seen_lead_scaling_s2,e3_macro_auroc,5,patients,-0.000734,-0.001175,-0.000297,0.0012,0.000223,10000
contrast,S1-S0,1.0,seen_lead_scaling_s2,e3_macro_auroc,5,seeds+patients,-0.000734,-0.001304,-0.000155,0.017198,0.000291,10000
contrast,C1-C0,1.0,seen_lead_scaling_s2,e3_macro_auroc,5,patients,-0.000308,-0.000715,8.6e-05,0.132987,0.000208,10000
contrast,C1-C0,1.0,seen_lead_scaling_s2,e3_macro_auroc,5,seeds+patients,-0.000308,-0.000792,0.00019,0.220778,0.000251,10000
arm,S0,1.0,seen_lead_scaling_s3,e3_macro_auroc,5,patients,0.004116,0.002885,0.005448,0.0002,0.00065,10000
arm,S1,1.0,seen_lead_scaling_s3,e3_macro_auroc,5,patients,0.002411,0.001425,0.003454,0.0002,0.000508,10000
arm,C0,1.0,seen_lead_scaling_s3,e3_macro_auroc,5,patients,0.003514,0.002365,0.004737,0.0002,0.000599,10000
arm,C1,1.0,seen_lead_scaling_s3,e3_macro_auroc,5,patients,0.002323,0.001315,0.003368,0.0002,0.000515,10000
contrast,C1-S1,1.0,seen_lead_scaling_s3,e3_macro_auroc,5,patients,-8.8e-05,-0.000451,0.000264,0.619538,0.00018,10000
contrast,C1-S1,1.0,seen_lead_scaling_s3,e3_macro_auroc,5,seeds+patients,-8.8e-05,-0.000672,0.000496,0.756324,0.000292,10000
contrast,C0-S0,1.0,seen_lead_scaling_s3,e3_macro_auroc,5,patients,-0.000601,-0.001102,-0.000112,0.019998,0.000253,10000
contrast,C0-S0,1.0,seen_lead_scaling_s3,e3_macro_auroc,5,seeds+patients,-0.000601,-0.001369,0.000174,0.116588,0.000385,10000
contrast,S1-S0,1.0,seen_lead_scaling_s3,e3_macro_auroc,5,patients,-0.001704,-0.002369,-0.001065,0.0002,0.000329,10000
contrast,S1-S0,1.0,seen_lead_scaling_s3,e3_macro_auroc,5,seeds+patients,-0.001704,-0.002609,-0.0008,0.001,0.000452,10000
contrast,C1-C0,1.0,seen_lead_scaling_s3,e3_macro_auroc,5,patients,-0.001191,-0.001721,-0.000665,0.0002,0.00027,10000
contrast,C1-C0,1.0,seen_lead_scaling_s3,e3_macro_auroc,5,seeds+patients,-0.001191,-0.001889,-0.000472,0.002,0.000357,10000
