,C0,C1,S0,S1
sph_auroc_AF,0.9991,0.9988,0.9988,0.998
sph_auroc_PR_PROL,0.9926,0.9926,0.9932,0.993
sph_auroc_CRBBB,0.9934,0.9944,0.994,0.9946
sph_auroc_IRBBB,0.7752,0.8103,0.7881,0.7985
sph_auroc_CLBBB,0.9989,0.9993,0.9994,0.9994
sph_auroc_LAFB,0.991,0.9909,0.9908,0.9911
sph_auroc_LVH,0.9907,0.9902,0.9897,0.9893
sph_auroc_IMI,0.9763,0.9792,0.9783,0.9781
sph_auroc_ASMI,0.9927,0.9932,0.9923,0.9928
test_auroc_AF,0.9846,0.9851,0.9847,0.9849
test_auroc_PR_PROL,0.9783,0.9832,0.9798,0.9803
test_auroc_CRBBB,0.9976,0.9976,0.9976,0.9977
test_auroc_IRBBB,0.9756,0.9744,0.9744,0.9766
test_auroc_CLBBB,0.9982,0.9981,0.9981,0.9982
test_auroc_LAFB,0.9854,0.9865,0.9865,0.9868
test_auroc_LVH,0.9498,0.9508,0.9505,0.9514
test_auroc_IMI,0.9373,0.9346,0.9355,0.9358
test_auroc_ASMI,0.9751,0.9745,0.9757,0.9758
