epoch,loss,top1,lr,minutes
1,3.2682156843297623,0.6817842371323529,0.00010294117647058823,0.10290942589441936
2,1.7639212923891403,0.8656652113970589,0.00020294117647058824,0.17105896870295206
3,1.2421045829268063,0.9348288143382353,0.00030294117647058824,0.2411493182182312
4,0.9531147252110874,0.9528090533088235,0.0004029411764705883,0.3093678037325541
5,0.7339072402785806,0.9658777573529411,0.0005029411764705883,0.3787137428919474
6,0.5692721517647014,0.9779986213235294,0.0006029411764705882,0.4510308067003886
7,0.46961599939009724,0.9857823988970589,0.0007029411764705881,0.5211358626683553
8,0.39296308510443745,0.9906939338235294,0.0008029411764705883,0.5913294196128845
9,0.3335903094095342,0.9947150735294118,0.0009029411764705882,0.6615080396334331
10,0.2997119163765627,0.9957778033088235,0.001,0.7312110424041748
11,0.264924094080925,0.99658203125,0.0009999706613915565,0.802334721883138
12,0.2446524886523976,0.9972426470588235,0.000999882649009242,0.8712242523829142
13,0.2266200320685611,0.9981330422794118,0.0009997359731816998,0.9424005746841431
14,0.21382632500985088,0.9977883731617647,0.0009995306511219884,1.0132387280464172
15,0.20289138967500014,0.9985064338235294,0.0009992667069255619,1.0848871747652689
16,0.19784116482033448,0.9979894301470589,0.0009989441715674422,1.1561853528022765
17,0.18838576008291805,0.9986787683823529,0.0009985630828985835,1.2277021487553914
18,0.18017192447886748,0.9991383272058824,0.0009981234856414306,1.2985940178235371
19,0.17711935762096853,0.9988798253676471,0.000997625431384671,1.3696845173835754
20,0.1735885327353197,0.9986213235294118,0.0009970689785771798,1.441637361049652
21,0.16964624120908625,0.9990234375,0.0009964541925211613,1.5143875360488892
22,0.16276069862001083,0.9992819393382353,0.0009957811453644848,1.5858040491739909
23,0.16101259562899084,0.9991383272058824,0.0009950499160922184,1.657089348634084
24,0.15724566272076437,0.9991957720588235,0.0009942605905173593,1.728989843527476
25,0.1563984379172325,0.9991957720588235,0.0009934132612707631,1.799653708934784
26,0.15211596252287135,0.9995404411764706,0.0009925080277902742,1.8722750226656595
27,0.1494171093491947,0.9991670496323529,0.000991544996309055,1.9437561988830567
28,0.14747706450083675,0.9993681066176471,0.0009905242798431196,2.014268406232198
29,0.1450705111903303,0.9994255514705882,0.000989445998178071,2.0839376568794252
30,0.14238892232670503,0.9992244944852942,0.0009883102778550433,2.1525562087694805
31,0.14276024480076396,0.9994542738970589,0.0009871172521558522,2.223968521753947
32,0.13900033691350153,0.9997127757352942,0.0009858670610873527,2.294027062257131
33,0.1377758024369969,0.9996840533088235,0.0009845598513650103,2.3641491452852885
34,0.13617360942503987,0.9994829963235294,0.0009831957763956813,2.4345809777577716
35,0.13654780431705363,0.9994542738970589,0.0009817749962596114,2.5028902848561603
36,0.1349414810538292,0.9995978860294118,0.0009802976776916493,2.5740323185920717
37,0.1327415314667365,0.9998563878676471,0.0009787639940616788,2.6452068209648134
38,0.13232192002675114,0.9995978860294118,0.000977174125354274,2.715087874730428
39,0.13137936329140382,0.9996553308823529,0.0009755282581475768,2.7850367863972982
40,0.1309423461994704,0.9998276654411765,0.0009738265855914012,2.855206803480784
41,0.12931211183176322,0.9996553308823529,0.0009720693073845667,2.9275450825691225
42,0.12813865261919358,0.9995404411764706,0.000970256629751462,2.996607851982117
43,0.12688537643236272,0.9997414981617647,0.0009683887654178445,3.066492040952047
44,0.1253562981591505,0.9997414981617647,0.0009664659335858754,3.1373912652333575
45,0.12429167987669215,0.9998563878676471,0.0009644883599083958,3.2072434107462566
46,0.12585281646426985,0.9995404411764706,0.0009624562764624445,3.279473372300466
47,0.12433823088512701,0.9995978860294118,0.0009603699217220239,3.3492957313855487
48,0.12266617728506818,0.9998276654411765,0.000958229540530113,3.4195924480756124
49,0.12406509325784795,0.9996266084558824,0.000956035384069935,3.489195942878723
50,0.12309128703439937,0.9997989430147058,0.0009537877098354786,3.559782886505127
51,0.12094280145624105,0.9997127757352942,0.0009514867816012809,3.631577221552531
52,0.11883886969264816,0.9998563878676471,0.0009491328693914722,3.7004537701606752
53,0.11972021990839173,0.9997127757352942,0.0009467262494480868,3.771845344702403
54,0.1183136791429099,0.9997702205882353,0.0009442672041986457,3.842797112464905
55,0.11810138712034506,0.9997989430147058,0.0009417560222230115,3.9130735754966737
56,0.1186657346346799,0.9997702205882353,0.0009391929982195233,3.9841732581456504
57,0.11665757811244797,0.9998563878676471,0.0009365784329704115,4.053000624974569
58,0.11641629149808604,0.9998563878676471,0.0009339126333065006,4.122675716876984
59,0.11579471716985983,0.9997702205882353,0.000931195912071201,4.192651017506917
60,0.11400642969152507,0.9998851102941176,0.0009284285880837946,4.26289412577947
61,0.11534474505221143,0.9997702205882353,0.0009256109861020212,4.33562692006429
62,0.11616129932158134,0.9996840533088235,0.0009227434367839658,4.404203112920126
63,0.11422270383028423,0.9998276654411765,0.0009198262766492554,4.475249405701955
64,0.11397287161911235,0.9997989430147058,0.0009168598480395651,4.545950516064962
65,0.11383976195664967,0.9998563878676471,0.0009138444990784454,4.616066535313924
66,0.11451202346121564,0.9997127757352942,0.0009107805836304658,4.689573339621226
67,0.11469223481767318,0.9996553308823529,0.000907668461259689,4.758826084931692
68,0.11260830435682745,0.9998276654411765,0.0009045084971874737,4.827884078025818
69,0.11183231543092166,0.9999138327205882,0.0009013010622496143,4.8975562373797095
70,0.11085352323511068,0.9997702205882353,0.0008980465328528219,4.966828878720602
71,0.11145972263287096,0.9997414981617647,0.0008947452909305509,5.038602693875631
72,0.1104557075921227,0.9998276654411765,0.0008913977238981779,5.108626341819763
73,0.11055140219190542,0.9999138327205882,0.0008880042246075365,5.178337621688843
74,0.11110014884787447,0.9999138327205882,0.0008845651913008145,5.2481378277142845
75,0.11007477474563263,0.9999425551470589,0.0008810810275638182,5.3180411140124
76,0.10941676883136525,0.9997989430147058,0.0008775521422786103,5.389860498905182
77,0.11028495584340657,0.9998563878676471,0.0008739789495755254,5.458844331900279
78,0.10927041882977766,0.9998851102941176,0.0008703618687845696,5.528697669506073
79,0.11058235256110921,0.9998851102941176,0.0008667013243862111,5.59902735153834
80,0.10925931264372434,0.9997702205882353,0.0008629977459615654,5.668951304753621
81,0.10766234730972964,0.9999138327205882,0.0008592515681419813,5.739589937527975
82,0.10794714290429563,0.9997414981617647,0.0008554632305580354,5.8102834264437355
83,0.10777410404647098,0.9997702205882353,0.00085163317778794,5.880273473262787
84,0.10712718503440127,0.9998563878676471,0.0008477618593053693,5.9508788824081424
85,0.10623343792908332,0.9998563878676471,0.0008438497294267117,6.020530891418457
86,0.10763359442353249,0.9997989430147058,0.0008398972472577539,6.092508701483409
87,0.10650031400077484,0.9999425551470589,0.0008359048766398031,6.1609328826268515
88,0.10543393628562198,0.9998563878676471,0.0008318730860952522,6.231388513247172
89,0.10601806092788191,0.9998851102941176,0.000827802348772598,6.302458226680756
90,0.10543680212953511,0.9999138327205882,0.0008236931423909139,6.37239769299825
91,0.10586479832144345,0.9999425551470589,0.000819545949183788,6.445793970425924
92,0.10591880779932528,0.9997702205882353,0.0008153612558427309,6.517385029792786
93,0.10582865336362053,0.99951171875,0.0008111395534600603,6.5890424410502115
94,0.10550129128729596,0.9997414981617647,0.0008068813374712689,6.661153531074524
95,0.10488765489529162,0.9998851102941176,0.0008025871075968827,6.7324540932973225
96,0.10479698395904373,1.0,0.0007982573677838172,6.804433341821035
97,0.1051921929944964,0.9997127757352942,0.0007938926261462366,6.875283702214559
98,0.10483448820955613,0.9998276654411765,0.0007894933949059243,6.94564327398936
99,0.10347268971450188,0.9998276654411765,0.0007850601903321716,7.016001737117767
100,0.10333370242048712,1.0,0.0007805935326811913,7.08727966149648
101,0.10384299978613853,0.9998276654411765,0.0007760939461350624,7.159747918446858
102,0.10376769260448568,0.9998563878676471,0.0007715619587402164,7.230894637107849
103,0.10297688381636844,0.9999425551470589,0.000766998102345468,7.301032296816508
104,0.10334810855634072,0.9999138327205882,0.0007624029125396003,7.370724519093831
105,0.10343258192434031,0.9997414981617647,0.0007577769285885109,7.441952029863994
106,0.10315435818013023,0.9999138327205882,0.0007531206933719271,7.5141971429189045
107,0.10259003433234551,0.9999712775735294,0.0007484347533196961,7.585910693804423
108,0.10140622976948233,0.9999138327205882,0.0007437196583476597,7.656433681646983
109,0.10117743427262586,0.9999712775735294,0.0007389759617931182,7.726085579395294
110,0.1021311177926905,0.9997702205882353,0.0007342042203498951,7.795442589124044
111,0.10110621965106796,0.9999425551470589,0.0007294049940030055,7.867111921310425
112,0.10102574790225309,0.9998563878676471,0.0007245788459629396,7.935843670368195
113,0.10140276590690893,0.9999138327205882,0.0007197263425995681,8.006133115291595
114,0.10093714099596529,0.9999425551470589,0.0007148480533756759,8.07646754582723
115,0.10100009182796758,0.9998851102941176,0.0007099445507801323,8.145739432175954
116,0.1007946606944589,0.9999712775735294,0.000705016410260708,8.220053935050965
117,0.10121794088798411,0.9997702205882353,0.0007000642101565435,8.29000015258789
118,0.10172340361511006,0.9996840533088235,0.0006950885316302773,8.359873394171396
119,0.10074317082762718,0.9999425551470589,0.000690089958599846,8.429569510618846
120,0.09927674426751978,0.9999425551470589,0.0006850690776699572,8.499254151185353
121,0.09946293318096329,0.9997702205882353,0.0006800264780632495,8.570487169424693
122,0.10026486568591174,1.0,0.0006749627515511443,8.638529908657073
123,0.10037912143503919,0.9999425551470589,0.0006698784923843993,8.708916262785594
124,0.09963236113681513,0.9999712775735294,0.0006647742972233702,8.77802148660024
125,0.10048229882822317,0.9998851102941176,0.00065965076506799,8.846956447760265
126,0.09914178510799128,0.9999712775735294,0.0006545084971874737,8.920001804828644
127,0.09941632519750034,0.9997702205882353,0.0006493480970497568,8.990041228135427
128,0.09856022499939975,0.9997989430147058,0.0006441701702506753,9.060594662030537
129,0.0981694823678802,0.9997702205882353,0.0006389753244428972,9.129690372943879
130,0.09889949660967379,0.9997989430147058,0.0006337641692646103,9.200945949554443
131,0.09972454804707975,0.9997702205882353,0.0006285373162679804,9.272344021002452
132,0.09957439189448077,0.9999138327205882,0.0006232953788473809,9.341978998978933
133,0.09953717843574636,0.9998851102941176,0.0006180389721674102,9.411079704761505
134,0.09959460444310132,0.9998563878676471,0.0006127687130906971,9.481267189979553
135,0.09892030191772125,0.9998563878676471,0.0006074852201055121,9.55100136200587
136,0.0986459125929019,0.9999712775735294,0.0006021891132531825,9.624153844515483
137,0.09846848994493484,0.9999712775735294,0.0005968810140553292,9.694212627410888
138,0.09797724774655174,0.9998276654411765,0.000591561545440928,9.765058747927348
139,0.09746158210670247,0.9999425551470589,0.0005862313316732063,9.835904522736866
140,0.09764270199572339,0.9998563878676471,0.0005808909982763825,9.908112740516662
141,0.09784632943132344,0.9998276654411765,0.0005755411719622584,9.979970407485961
142,0.0976785458624363,0.9999138327205882,0.0005701824805566722,10.048946007092793
143,0.09775032650898485,0.9999425551470589,0.0005648155529258194,10.121185664335886
144,0.09715361279599807,0.9997989430147058,0.0005594410189024533,10.19055091937383
145,0.09745932063635658,0.9998851102941176,0.0005540595092119709,10.261515978972117
146,0.09685226047740263,0.9998851102941176,0.0005486716553983948,10.333485666910807
147,0.09690217892913257,0.9999712775735294,0.0005432780897502588,10.402839696407318
148,0.09657590836286545,0.9999425551470589,0.0005378794452264051,10.472195716698964
149,0.09630946069955826,0.9998276654411765,0.0005324763553817053,10.542925492922466
150,0.09688709281823214,0.9997702205882353,0.0005270694542927088,10.61376298268636
151,0.09608311929246958,0.9999425551470589,0.0005216593764832311,10.686047661304475
152,0.09585611324976473,0.9998851102941176,0.0005162467568498903,10.757269930839538
153,0.09530511542278178,0.9999712775735294,0.0005108322305875987,10.828844344615936
154,0.09735418571268811,0.9996553308823529,0.0005054164331150199,10.898823165893555
155,0.09544937838526334,1.0,0.0005,10.969347091515859
156,0.09600051098010119,0.9999425551470589,0.0004945835668849801,11.042686855792999
157,0.09563518096418942,1.0,0.0004891677694124013,11.112919052441915
158,0.09590281261240735,0.9999712775735294,0.0004837532431501098,11.184093562761943
159,0.09560460378141965,0.9999138327205882,0.00047834062351676893,11.254932077725728
160,0.09598047899849274,0.9999425551470589,0.00047293054570729125,11.324788741270702
161,0.09533920818391968,0.9998851102941176,0.0004675236446182947,11.398790140946707
162,0.09438596315243665,0.9999138327205882,0.00046212055477359496,11.469720804691315
163,0.09513020668836202,0.9999138327205882,0.0004567219102497413,11.53976061741511
164,0.09491979812874514,0.9999425551470589,0.0004513283446016052,11.609079011281331
165,0.09502366798765519,0.9999138327205882,0.0004459404907880292,11.678921186923981
166,0.09497797423425842,0.9999138327205882,0.0004405589810975468,11.75096915960312
167,0.09442598854794222,0.9999712775735294,0.00043518444707418076,11.821981390317282
168,0.09485382959246635,0.9999138327205882,0.00042981751944332785,11.892201662063599
169,0.09522362097221262,0.9999712775735294,0.00042445882803774173,11.96329673131307
170,0.09421975844923187,1.0,0.00041910900172361764,12.03376054763794
171,0.09404804601388819,1.0,0.0004137686683267938,12.105271963278453
172,0.09414517550783999,0.9999712775735294,0.0004084384545590719,12.175677009423573
173,0.09480464042109601,0.9999425551470589,0.00040311898594467085,12.243925269444784
174,0.09438627804903423,0.9999138327205882,0.00039781088674681754,12.31379491885503
175,0.09341154751532219,0.9998851102941176,0.0003925147798944881,12.38298828601837
176,0.0937198301886811,0.9999712775735294,0.00038723128690930304,12.455974845091502
177,0.09422581620952662,0.9997989430147058,0.00038196102783259007,12.525700994332631
178,0.09391511932891958,0.9999138327205882,0.00037670462115261914,12.595003044605255
179,0.0936816556050497,0.9999712775735294,0.00037146268373201965,12.66587651570638
180,0.09361211407710524,0.9999138327205882,0.0003662358307353897,12.736603200435638
181,0.0932703592321452,0.9999425551470589,0.00036102467555710287,12.807730050881704
182,0.09333374921013327,0.9999425551470589,0.00035582982974932464,12.877180476983389
183,0.09348948913462021,0.9998851102941176,0.0003506519029502432,12.94736879269282
184,0.0929759677280398,0.9999712775735294,0.00034549150281252633,13.017404468854268
185,0.09371127210119191,0.9999425551470589,0.00034034923493201,13.088413377602896
186,0.09333801795454587,0.9999138327205882,0.0003352257027766298,13.159794886906942
187,0.09283593691447202,0.9999425551470589,0.00033012150761560087,13.231392538547516
188,0.09202587166253258,0.9999425551470589,0.0003250372484488559,13.30085784594218
189,0.09288934245705605,0.9998563878676471,0.0003199735219367508,13.370622320969899
190,0.0926978027119356,0.9998563878676471,0.0003149309223300429,13.44212197860082
191,0.09260792109896154,1.0,0.000309910041400154,13.515181084473928
192,0.09222117658047115,0.9998563878676471,0.00030491146836972283,13.58522402048111
193,0.0924891739645425,0.9998563878676471,0.00029993578984345673,13.654908394813537
194,0.09207844997153562,0.9998276654411765,0.000294983589739292,13.724818082650502
195,0.09234676729230319,1.0,0.0002900554492198677,13.79412066936493
196,0.09239607611123253,0.9999425551470589,0.00028515194662432405,13.866277162233988
197,0.0922201906933504,1.0,0.0002802736574004319,13.936918950080871
198,0.09234808933208971,0.9998851102941176,0.00027542115403706064,14.006713755925496
199,0.09217410140177783,0.9998851102941176,0.0002705950059969948,14.077034477392832
200,0.09163059885887538,1.0,0.000265795779650105,14.145511245727539
201,0.09183021832038374,0.9999712775735294,0.0002610240382068818,14.2175901333491
202,0.09151290422853302,0.9998563878676471,0.0002562803416523405,14.288079277674358
203,0.0920051119345076,0.9999425551470589,0.000251565246680304,14.35892037153244
204,0.09175361955867094,0.9999425551470589,0.000246879306628073,14.429082234700521
205,0.0914468774024178,0.9999425551470589,0.00024222307141148907,14.49883621931076
206,0.09142274475272964,0.9999425551470589,0.00023759708746039977,14.571355736255645
207,0.09192600079319056,0.9999712775735294,0.00023300189765453194,14.643359609444936
208,0.0914029391372905,0.9999425551470589,0.00022843804125978356,14.715145734945933
209,0.09206873222309,0.9999712775735294,0.00022390605386493756,14.786948700745901
210,0.09105578503187965,0.9999712775735294,0.00021940646731880887,14.85636279185613
211,0.09128628868390531,0.9999425551470589,0.00021493980966782845,14.928697963555654
212,0.09092626939801608,1.0,0.00021050660509407576,14.998707377910614
213,0.09103109731393702,0.9997989430147058,0.00020610737385376348,15.069190593560537
214,0.09112568681730944,0.9998563878676471,0.00020174263221618284,15.138127811749776
215,0.09001790118568084,0.9999712775735294,0.00019741289240311755,15.20846061706543
216,0.09052851620842428,1.0,0.00019311866252873128,15.281651004155476
217,0.08985222854158458,0.9998851102941176,0.00018886044653993966,15.350857734680176
218,0.09069868922233582,1.0,0.000184638744157269,15.42135763168335
219,0.09041007126078886,1.0,0.00018045405081621214,15.490698659420014
220,0.09063541187959559,0.9998851102941176,0.00017630685760908622,15.561762662728627
221,0.09037400234271498,0.9999712775735294,0.00017219765122740216,15.631755681832631
222,0.09129377016249825,0.9999138327205882,0.00016812691390474788,15.700762689113617
223,0.09087423213264521,0.9999712775735294,0.00016409512336019698,15.774804242451985
224,0.09038029129014295,0.9999712775735294,0.00016010275274224624,15.84517461458842
225,0.0906819633262999,0.9999138327205882,0.00015615027057328847,15.915036141872406
226,0.0907677346292664,0.9999138327205882,0.00015223814069463077,15.986934101581573
227,0.0906107292017516,0.9999712775735294,0.00014836682221206,16.058366934458416
228,0.09012494871721548,0.9999425551470589,0.00014453676944196475,16.129225742816924
229,0.09018508454456049,0.9999138327205882,0.00014074843185801883,16.200030207633972
230,0.090295600321363,0.9999425551470589,0.00013700225403843458,16.271405263741812
231,0.08971277668195612,0.9998851102941176,0.00013329867561378872,16.343305146694185
232,0.0901935569503728,0.9998851102941176,0.0001296381312154305,16.41384348074595
233,0.09063315676415667,0.9999138327205882,0.00012602105042447482,16.4859792470932
234,0.08983521075809703,1.0,0.0001224478577213897,16.556648417313895
235,0.08963006362318993,1.0,0.00011891897243618183,16.62787162065506
236,0.09056239816195824,0.9999138327205882,0.00011543480869918555,16.701572000980377
237,0.09020190050496775,0.9998851102941176,0.00011199577539246347,16.77344848314921
238,0.08913020745796316,1.0,0.00010860227610182222,16.844043735663096
239,0.09021791004959274,0.9997414981617647,0.00010525470906944917,16.914514899253845
240,0.08962799827842151,0.9999712775735294,0.00010195346714717812,16.985498011112213
241,0.08957049842266475,0.9998851102941176,9.869893775038557e-05,17.05701917807261
242,0.08960679392604266,1.0,9.549150281252633e-05,17.128123931090038
243,0.08914439577390165,0.9999425551470589,9.233153874031102e-05,17.19876546859741
244,0.08931329013670192,0.9999712775735294,8.921941636953435e-05,17.270197240511575
245,0.09016090916360125,0.9999425551470589,8.615550092155477e-05,17.340391810735067
246,0.0893697346396306,1.0,8.31401519604349e-05,17.413366492589315
247,0.08962370915447965,0.9999425551470589,8.017372335074486e-05,17.48449090719223
248,0.08930944980067365,0.9999425551470589,7.725656321603413e-05,17.554302096366882
249,0.08979399611844736,1.0,7.43890138979788e-05,17.624792555967968
250,0.08940426808069735,0.9999425551470589,7.157141191620536e-05,17.69540802240372
251,0.08976512511863428,0.9999138327205882,6.880408792879905e-05,17.768547304471333
252,0.08920516533886685,0.9998851102941176,6.60873666934993e-05,17.83921418587367
253,0.08903828197542359,0.9999425551470589,6.342156702958851e-05,17.90877420902252
254,0.08915313881109743,0.9998851102941176,6.080700178047677e-05,17.979471810658772
255,0.08892546791364164,1.0,5.8243977776988585e-05,18.04912974834442
256,0.08919287867405835,0.9999138327205882,5.573279580135448e-05,18.12197892268499
257,0.08944188978742151,0.9999138327205882,5.3273750551913246e-05,18.19255481561025
258,0.08845734026502161,1.0,5.086713060852788e-05,18.26341725985209
259,0.08914580985027201,0.9998851102941176,4.851321839871908e-05,18.333057820796967
260,0.08984557648791987,0.9999425551470589,4.621229016452155e-05,18.405083179473877
261,0.08916471482199781,0.9999425551470589,4.3964615930065124e-05,18.478300166130065
262,0.08910637940554057,0.9999138327205882,4.1770459469887e-05,18.548626347382864
263,0.089006946367376,0.9999712775735294,3.963007827797621e-05,18.62056633234024
264,0.0888674848658197,0.9999712775735294,3.754372353755558e-05,18.690541609128317
265,0.08891023980344043,0.9999425551470589,3.551164009160429e-05,18.761102279027302
266,0.08922338222756106,0.9998851102941176,3.3534066414124486e-05,18.831499656041462
267,0.08879980225773419,0.9998851102941176,3.161123458215553e-05,18.901852611700694
268,0.08882178519578542,0.9998563878676471,2.9743370248538015e-05,18.97162139415741
269,0.08853951052707784,0.9999425551470589,2.7930692615433406e-05,19.042260845502216
270,0.0892781781799653,0.9999712775735294,2.617341440859883e-05,19.113539985815684
271,0.08898586012861308,1.0,2.4471741852423235e-05,19.186185757319134
272,0.08896756698103513,1.0,2.282587464572594e-05,19.25669796069463
273,0.08856861643931445,0.9999138327205882,2.12360059383212e-05,19.327697249253593
274,0.0892395773792968,0.9997702205882353,1.9702322308350672e-05,19.398702506224314
275,0.08902435618288376,0.9998563878676471,1.8225003740388545e-05,19.46842778523763
276,0.08871470501317698,0.9999425551470589,1.680422360431877e-05,19.54119535287221
277,0.08869566352051847,1.0,1.544014863498977e-05,19.61191479365031
278,0.08879306474152733,0.9999138327205882,1.4132938912647276e-05,19.680538741747537
279,0.08907545555163832,1.0,1.288274784414789e-05,19.75100837548574
280,0.0889523285715019,1.0,1.1689722144956671e-05,19.819179729620615
281,0.08875246543218107,0.9998851102941176,1.055400182192906e-05,19.891207055250803
282,0.08857883250012118,0.9999425551470589,9.475720156880418e-06,19.962707686424256
283,0.08858094627366346,0.9999425551470589,8.45500369094504e-06,20.032159729798636
284,0.0886641111882294,0.9997989430147058,7.4919722097258055e-06,20.102903592586518
285,0.08846938303288292,0.9999425551470589,6.58673872923693e-06,20.172622807820638
286,0.08869529953774284,1.0,5.739409482640901e-06,20.244936549663542
287,0.08868504206047338,0.9999138327205882,4.950083907781733e-06,20.315342764059704
288,0.08890572453246397,0.9998851102941176,4.218854635515301e-06,20.384898257255553
289,0.08894773024846525,1.0,3.545807478838814e-06,20.455880296230315
290,0.08864584762383909,0.9999712775735294,2.9310214228202015e-06,20.526175212860107
291,0.08852507086361155,0.9998276654411765,2.3745686153290315e-06,20.598034346103667
292,0.08880747263045873,0.9998851102941176,1.8765143585693922e-06,20.668347589174907
293,0.08831233553150121,0.9999138327205882,1.4369171014165793e-06,20.739669672648112
294,0.08862883356564186,0.9999138327205882,1.0558284325578037e-06,20.809883399804434
295,0.08863219794105082,0.9998851102941176,7.332930744380905e-07,20.88036627372106
296,0.08894507718436859,1.0,4.6934887801164396e-07,20.953103041648866
297,0.08873283600105959,0.9999425551470589,2.6402681830023365e-07,21.02308440208435
298,0.08899690232732717,0.9999712775735294,1.173509907579362e-07,21.09284357627233
299,0.088136937469244,0.9999712775735294,2.933860844345215e-08,21.162361176808677
300,0.08826070980114095,1.0,0.0,21.233617961406708
