step,loss,val_macro_auroc,minutes
136,0.7457664608955383,0.6321121078854515,0.12248375018437703
272,0.27970999479293823,0.6727396635953041,0.22680180072784423
408,0.1128794401884079,0.7577713112732621,0.3313671549161275
544,0.09364551305770874,0.775057325724635,0.43623072703679405
680,0.08330085873603821,0.811254344419262,0.5397282520929972
816,0.08133787661790848,0.8301382111468408,0.6449506481488546
952,0.08009932935237885,0.8384777031170162,0.7495029449462891
1088,0.07398141920566559,0.8532577951275763,0.8532156189282735
1224,0.07108253240585327,0.8701093702666718,0.9572965900103251
1360,0.0804547667503357,0.8772946385180861,1.060102140903473
1496,0.06267129629850388,0.8892942670256713,1.1657411336898804
1632,0.06607909500598907,0.894746356081322,1.271457350254059
1768,0.06465448439121246,0.8947540642285644,1.3776323080062867
1904,0.06051113083958626,0.9031477479464103,1.4806165496508281
2040,0.0730871707201004,0.9025404717630734,1.583902645111084
2176,0.06369873136281967,0.9056880724634578,1.686044979095459
2312,0.06354095786809921,0.8983377861850784,1.7918903946876525
2448,0.0688757449388504,0.908313556144752,1.896558117866516
2584,0.0699319913983345,0.9163235069545007,2.004172464211782
2720,0.0626375675201416,0.9132347521699816,2.1088796257972717
2856,0.057871174067258835,0.9130915703360698,2.212122102578481
2992,0.06073051691055298,0.9147974661543264,2.318044424057007
3128,0.060846973210573196,0.9091309780482386,2.4201205492019655
3264,0.06290673464536667,0.9199699946913167,2.5242793639500936
3400,0.053364235907793045,0.9091721219163017,2.6385369459788004
3536,0.06557406485080719,0.9189157494451683,2.74137153228124
3672,0.0620928592979908,0.9122484645485734,2.845559219519297
3808,0.04955987259745598,0.9149686843158096,2.9493284304936727
3944,0.05394851788878441,0.9161559511946149,3.050825842221578
4080,0.06221878528594971,0.918626955111195,3.1549981594085694
4216,0.056851983070373535,0.9210406155121647,3.256876011689504
4352,0.05441797524690628,0.9186208350145147,3.363784929116567
4488,0.053817350417375565,0.9157161988543874,3.4688550353050234
4624,0.05891827866435051,0.9220281168855176,3.571547305583954
4760,0.049657996743917465,0.9221870443024766,3.675952144463857
4896,0.05496644973754883,0.9218631706210775,3.7807566006978353
5032,0.05539910867810249,0.9233249540260346,3.883601109186808
5168,0.05056294426321983,0.9231148332415057,3.9873160322507224
5304,0.04986792057752609,0.9214384039277455,4.091124033927917
5440,0.05144249275326729,0.9263382695908431,4.192666669686635
5576,0.05897081270813942,0.9252036778009537,4.297944875558217
5712,0.04747869074344635,0.9276751966509316,4.399472308158875
5848,0.0510006882250309,0.9249122219570977,4.50512269337972
5984,0.04801560193300247,0.924847584239572,4.610383713245392
6120,0.052120137959718704,0.9248629276416335,4.716938801606497
6256,0.05598378926515579,0.9229791046455229,4.820992946624756
6392,0.0589628741145134,0.9247719510519733,4.926659063498179
6528,0.04659998044371605,0.9237547156081173,5.027766489982605
6664,0.048399608582258224,0.9240667769863845,5.138363389174144
6800,0.04156772419810295,0.9234432308282974,5.238170786698659
