run_id,policy,strength,seed,epochs,bs,tau,final_loss,final_top1,minutes_last_session,encoder_sha256
SSL_ecg-high_s0,ecg,high,0,300,512,0.1,0.10112151196774315,0.9999712775735294,21.359561947981515,9f3c667e963f3d7d56b3158e2372d8c581cdb6c7a83472a131efc257c1fb0018
SSL_ecg-low_s0,ecg,low,0,300,512,0.1,0.08826070980114095,1.0,21.233617961406708,2a9f7ddb44fac010087d42a59cea67e7588cc5af07e434376d596de7c6c248f9
SSL_ecg-mid_s0,ecg,mid,0,300,512,0.1,0.09444579986088417,1.0,21.032825887203217,0cc027b0c1e31fe3045ccb78c9e544b704b7e21e520de3a84d307fcf029a94b7
SSL_ecg-mid_s1,ecg,mid,1,300,512,0.1,0.09608598184936187,0.9997702205882353,21.224987045923868,81d0fc9a3aa05796854bcdcd87e8382eb2143ab66049c5652c5601ae6b3dc0bc
SSL_ecg-mid_s2,ecg,mid,2,300,512,0.1,0.0955031078089686,0.9999425551470589,21.6522283355395,937ba6da159de527cc2aa1a78b40f58104891df6e8ce2e76a9a3090cf0c60ef2
SSL_ecg-mid_s3,ecg,mid,3,300,512,0.1,0.09573366712121402,0.9998563878676471,21.65465695063273,00d87f9d30f589d567b0969b8313e9f43cb278ec87ae2dde39cd1c3884f305c9
SSL_ecg-mid_s4,ecg,mid,4,300,512,0.1,0.09563317500493106,0.9997989430147058,21.321464518706005,21fa86e377aa7f75321550cfd8eb18f5457844112e96c4a3f904aa7a8e90f996
SSL_gen-high_s0,gen,high,0,300,512,0.1,0.11766934000393924,0.9993106617647058,19.816423984368644,34a3822a47196dc2613b17d650e641b3387a30ade15c33d1757fe72c52c7066a
SSL_gen-high_s1,gen,high,1,300,512,0.1,0.11624777755316566,0.9998276654411765,21.44786942799886,61ace2b59fbb24133f0b59ebfa726da93065bf7da54c85208ce2e34c63c31cc7
SSL_gen-high_s2,gen,high,2,300,512,0.1,0.11821809279568055,0.9993968290441176,21.405445245901742,fb82c3d616ac393254fccc42a4fd5b37a2fa00a56cc71edce0ffb861ad79ee0e
SSL_gen-high_s3,gen,high,3,300,512,0.1,0.11736791778136701,0.9993681066176471,21.479463652769724,6dccc335d7dd842a2c5e274f614314e452b3cd7d0f6c883a62dc6ba5b89c7427
SSL_gen-high_s4,gen,high,4,300,512,0.1,0.1177344370414229,0.9993968290441176,21.435038749376933,c6fb68372394cdddf4537848cee0b3842acd1beda2eb44ba0c792e02a4bfbe47
SSL_gen-low_s0,gen,low,0,300,512,0.1,0.09294123377870112,0.9999712775735294,21.66532233953476,b00d8523a829102097cc21a476177e9c1e2bffa49b055682d2934f39835aa388
SSL_gen-mid_s0,gen,mid,0,300,512,0.1,0.10390560087912223,0.99951171875,21.67637703418732,9507c86e2d5e870390fc0a1b02e66712ed5eef724614d3d8010592a821a58e5a
