dataset,split,budget,seed,label,role,records,pos_records,pos_patients,below_min_pos,min_likelihood_diag
PTB-XL,val_fold9,,,AF,primary,2183,151,124,False,0.0
PTB-XL,val_fold9,,,PR_PROL,primary,2183,104,97,False,0.0
PTB-XL,val_fold9,,,CRBBB,primary,2183,55,49,False,0.0
PTB-XL,val_fold9,,,IRBBB,primary,2183,112,109,False,0.0
PTB-XL,val_fold9,,,CLBBB,primary,2183,54,47,False,0.0
PTB-XL,val_fold9,,,LAFB,primary,2183,163,152,False,0.0
PTB-XL,val_fold9,,,LVH,primary,2183,210,191,False,0.0
PTB-XL,val_fold9,,,IMI,primary,2183,266,242,False,0.0
PTB-XL,val_fold9,,,ASMI,primary,2183,236,216,False,0.0
PTB-XL,val_fold9,,,MI_ANY,exploratory,2183,521,470,False,0.0
PTB-XL,val_fold9,,,TWAVE_ABN,exploratory,2183,34,34,False,0.0
PTB-XL,val_fold9,,,NORM,exploratory,2183,955,905,False,0.0
PTB-XL,val_fold9,,,SBRAD,secondary,2183,64,60,False,0.0
PTB-XL,val_fold9,,,STACH,secondary,2183,83,80,False,0.0
PTB-XL,val_fold9,,,SARRH,secondary,2183,77,76,False,0.0
PTB-XL,val_fold9,,,PVC,window_dependent,2183,114,110,False,0.0
PTB-XL,val_fold9,,,PAC,window_dependent,2183,40,40,False,0.0
PTB-XL,test_fold10,,,AF,primary,2198,152,130,False,0.0
PTB-XL,test_fold10,,,PR_PROL,primary,2198,96,85,False,0.0
PTB-XL,test_fold10,,,CRBBB,primary,2198,54,45,False,0.0
PTB-XL,test_fold10,,,IRBBB,primary,2198,112,106,False,0.0
PTB-XL,test_fold10,,,CLBBB,primary,2198,54,42,False,0.0
PTB-XL,test_fold10,,,LAFB,primary,2198,162,150,False,0.0
PTB-XL,test_fold10,,,LVH,primary,2198,214,202,False,0.0
PTB-XL,test_fold10,,,IMI,primary,2198,267,240,False,0.0
PTB-XL,test_fold10,,,ASMI,primary,2198,234,199,False,0.0
PTB-XL,test_fold10,,,MI_ANY,exploratory,2198,532,460,False,0.0
PTB-XL,test_fold10,,,TWAVE_ABN,exploratory,2198,32,32,False,0.0
PTB-XL,test_fold10,,,NORM,exploratory,2198,963,882,False,0.0
PTB-XL,test_fold10,,,SBRAD,secondary,2198,64,61,False,0.0
PTB-XL,test_fold10,,,STACH,secondary,2198,82,79,False,0.0
PTB-XL,test_fold10,,,SARRH,secondary,2198,77,77,False,0.0
PTB-XL,test_fold10,,,PVC,window_dependent,2198,114,108,False,0.0
PTB-XL,test_fold10,,,PAC,window_dependent,2198,40,39,False,0.0
PTB-XL,train,0.01,0.0,AF,primary,175,6,6,True,0.0
PTB-XL,train,0.01,0.0,PR_PROL,primary,175,7,6,True,0.0
PTB-XL,train,0.01,0.0,CRBBB,primary,175,2,2,True,0.0
PTB-XL,train,0.01,0.0,IRBBB,primary,175,11,10,False,0.0
PTB-XL,train,0.01,0.0,CLBBB,primary,175,3,2,True,0.0
PTB-XL,train,0.01,0.0,LAFB,primary,175,13,12,False,0.0
PTB-XL,train,0.01,0.0,LVH,primary,175,18,17,False,0.0
PTB-XL,train,0.01,0.0,IMI,primary,175,22,18,False,0.0
PTB-XL,train,0.01,0.0,ASMI,primary,175,17,16,False,0.0
PTB-XL,train,0.01,0.0,MI_ANY,exploratory,175,43,37,False,0.0
PTB-XL,train,0.01,0.0,TWAVE_ABN,exploratory,175,3,3,True,0.0
PTB-XL,train,0.01,0.0,NORM,exploratory,175,81,74,False,0.0
PTB-XL,train,0.01,0.0,SBRAD,secondary,175,5,5,True,0.0
PTB-XL,train,0.01,0.0,STACH,secondary,175,6,6,True,0.0
PTB-XL,train,0.01,0.0,SARRH,secondary,175,7,7,True,0.0
PTB-XL,train,0.01,0.0,PVC,window_dependent,175,5,5,True,0.0
PTB-XL,train,0.01,0.0,PAC,window_dependent,175,4,4,True,0.0
PTB-XL,train,0.05,0.0,AF,primary,866,45,39,False,0.0
PTB-XL,train,0.05,0.0,PR_PROL,primary,866,41,37,False,0.0
PTB-XL,train,0.05,0.0,CRBBB,primary,866,22,19,False,0.0
PTB-XL,train,0.05,0.0,IRBBB,primary,866,30,28,False,0.0
PTB-XL,train,0.05,0.0,CLBBB,primary,866,20,19,False,0.0
PTB-XL,train,0.05,0.0,LAFB,primary,866,65,56,False,0.0
PTB-XL,train,0.05,0.0,LVH,primary,866,74,68,False,0.0
PTB-XL,train,0.05,0.0,IMI,primary,866,104,87,False,0.0
PTB-XL,train,0.05,0.0,ASMI,primary,866,87,75,False,0.0
PTB-XL,train,0.05,0.0,MI_ANY,exploratory,866,203,171,False,0.0
PTB-XL,train,0.05,0.0,TWAVE_ABN,exploratory,866,11,11,False,0.0
PTB-XL,train,0.05,0.0,NORM,exploratory,866,403,374,False,0.0
PTB-XL,train,0.05,0.0,SBRAD,secondary,866,27,27,False,0.0
PTB-XL,train,0.05,0.0,STACH,secondary,866,33,31,False,0.0
PTB-XL,train,0.05,0.0,SARRH,secondary,866,27,27,False,0.0
PTB-XL,train,0.05,0.0,PVC,window_dependent,866,33,33,False,0.0
PTB-XL,train,0.05,0.0,PAC,window_dependent,866,17,15,False,0.0
PTB-XL,train,0.1,0.0,AF,primary,1746,126,102,False,0.0
PTB-XL,train,0.1,0.0,PR_PROL,primary,1746,73,65,False,0.0
PTB-XL,train,0.1,0.0,CRBBB,primary,1746,41,37,False,0.0
PTB-XL,train,0.1,0.0,IRBBB,primary,1746,77,73,False,0.0
PTB-XL,train,0.1,0.0,CLBBB,primary,1746,48,43,False,0.0
PTB-XL,train,0.1,0.0,LAFB,primary,1746,118,104,False,0.0
PTB-XL,train,0.1,0.0,LVH,primary,1746,145,134,False,0.0
PTB-XL,train,0.1,0.0,IMI,primary,1746,188,163,False,0.0
PTB-XL,train,0.1,0.0,ASMI,primary,1746,172,148,False,0.0
PTB-XL,train,0.1,0.0,MI_ANY,exploratory,1746,391,335,False,0.0
PTB-XL,train,0.1,0.0,TWAVE_ABN,exploratory,1746,26,26,False,0.0
PTB-XL,train,0.1,0.0,NORM,exploratory,1746,810,744,False,0.0
PTB-XL,train,0.1,0.0,SBRAD,secondary,1746,48,45,False,0.0
PTB-XL,train,0.1,0.0,STACH,secondary,1746,59,53,False,0.0
PTB-XL,train,0.1,0.0,SARRH,secondary,1746,58,57,False,0.0
PTB-XL,train,0.1,0.0,PVC,window_dependent,1746,78,76,False,0.0
PTB-XL,train,0.1,0.0,PAC,window_dependent,1746,34,32,False,0.0
PTB-XL,train,0.25,0.0,AF,primary,4326,302,241,False,0.0
PTB-XL,train,0.25,0.0,PR_PROL,primary,4326,182,168,False,0.0
PTB-XL,train,0.25,0.0,CRBBB,primary,4326,109,96,False,0.0
PTB-XL,train,0.25,0.0,IRBBB,primary,4326,223,215,False,0.0
PTB-XL,train,0.25,0.0,CLBBB,primary,4326,104,87,False,0.0
PTB-XL,train,0.25,0.0,LAFB,primary,4326,295,267,False,0.0
PTB-XL,train,0.25,0.0,LVH,primary,4326,405,367,False,0.0
PTB-XL,train,0.25,0.0,IMI,primary,4326,486,424,False,0.0
PTB-XL,train,0.25,0.0,ASMI,primary,4326,456,392,False,0.0
PTB-XL,train,0.25,0.0,MI_ANY,exploratory,4326,1023,863,False,0.0
PTB-XL,train,0.25,0.0,TWAVE_ABN,exploratory,4326,64,63,False,0.0
PTB-XL,train,0.25,0.0,NORM,exploratory,4326,1915,1790,False,0.0
PTB-XL,train,0.25,0.0,SBRAD,secondary,4326,122,117,False,0.0
PTB-XL,train,0.25,0.0,STACH,secondary,4326,154,142,False,0.0
PTB-XL,train,0.25,0.0,SARRH,secondary,4326,145,143,False,0.0
PTB-XL,train,0.25,0.0,PVC,window_dependent,4326,214,200,False,0.0
PTB-XL,train,0.25,0.0,PAC,window_dependent,4326,77,74,False,0.0
PTB-XL,train,0.5,0.0,AF,primary,8735,634,514,False,0.0
PTB-XL,train,0.5,0.0,PR_PROL,primary,8735,398,352,False,0.0
PTB-XL,train,0.5,0.0,CRBBB,primary,8735,221,193,False,0.0
PTB-XL,train,0.5,0.0,IRBBB,primary,8735,447,423,False,0.0
PTB-XL,train,0.5,0.0,CLBBB,primary,8735,212,165,False,0.0
PTB-XL,train,0.5,0.0,LAFB,primary,8735,607,549,False,0.0
PTB-XL,train,0.5,0.0,LVH,primary,8735,849,747,False,0.0
PTB-XL,train,0.5,0.0,IMI,primary,8735,1082,938,False,0.0
PTB-XL,train,0.5,0.0,ASMI,primary,8735,959,819,False,0.0
PTB-XL,train,0.5,0.0,MI_ANY,exploratory,8735,2171,1822,False,0.0
PTB-XL,train,0.5,0.0,TWAVE_ABN,exploratory,8735,128,127,False,0.0
PTB-XL,train,0.5,0.0,NORM,exploratory,8735,3782,3530,False,0.0
PTB-XL,train,0.5,0.0,SBRAD,secondary,8735,248,239,False,0.0
PTB-XL,train,0.5,0.0,STACH,secondary,8735,323,301,False,0.0
PTB-XL,train,0.5,0.0,SARRH,secondary,8735,290,285,False,0.0
PTB-XL,train,0.5,0.0,PVC,window_dependent,8735,432,400,False,0.0
PTB-XL,train,0.5,0.0,PAC,window_dependent,8735,151,144,False,0.0
PTB-XL,train,1.0,0.0,AF,primary,17418,1211,991,False,0.0
PTB-XL,train,1.0,0.0,PR_PROL,primary,17418,808,714,False,0.0
PTB-XL,train,1.0,0.0,CRBBB,primary,17418,432,370,False,0.0
PTB-XL,train,1.0,0.0,IRBBB,primary,17418,894,834,False,0.0
PTB-XL,train,1.0,0.0,CLBBB,primary,17418,428,341,False,0.0
PTB-XL,train,1.0,0.0,LAFB,primary,17418,1298,1163,False,0.0
PTB-XL,train,1.0,0.0,LVH,primary,17418,1708,1511,False,0.0
PTB-XL,train,1.0,0.0,IMI,primary,17418,2143,1873,False,0.0
PTB-XL,train,1.0,0.0,ASMI,primary,17418,1887,1618,False,0.0
PTB-XL,train,1.0,0.0,MI_ANY,exploratory,17418,4235,3584,False,0.0
PTB-XL,train,1.0,0.0,TWAVE_ABN,exploratory,17418,263,256,False,0.0
PTB-XL,train,1.0,0.0,NORM,exploratory,17418,7596,7109,False,0.0
PTB-XL,train,1.0,0.0,SBRAD,secondary,17418,509,495,False,0.0
PTB-XL,train,1.0,0.0,STACH,secondary,17418,661,623,False,0.0
PTB-XL,train,1.0,0.0,SARRH,secondary,17418,618,604,False,0.0
PTB-XL,train,1.0,0.0,PVC,window_dependent,17418,915,839,False,0.0
PTB-XL,train,1.0,0.0,PAC,window_dependent,17418,318,305,False,0.0
PTB-XL,train,0.01,1.0,AF,primary,182,10,8,False,0.0
PTB-XL,train,0.01,1.0,PR_PROL,primary,182,7,7,True,0.0
PTB-XL,train,0.01,1.0,CRBBB,primary,182,8,7,True,0.0
PTB-XL,train,0.01,1.0,IRBBB,primary,182,9,9,True,0.0
PTB-XL,train,0.01,1.0,CLBBB,primary,182,1,1,True,0.0
PTB-XL,train,0.01,1.0,LAFB,primary,182,13,9,False,0.0
PTB-XL,train,0.01,1.0,LVH,primary,182,16,12,False,0.0
PTB-XL,train,0.01,1.0,IMI,primary,182,18,17,False,0.0
PTB-XL,train,0.01,1.0,ASMI,primary,182,25,17,False,0.0
PTB-XL,train,0.01,1.0,MI_ANY,exploratory,182,44,35,False,0.0
PTB-XL,train,0.01,1.0,TWAVE_ABN,exploratory,182,2,2,True,0.0
PTB-XL,train,0.01,1.0,NORM,exploratory,182,70,68,False,0.0
PTB-XL,train,0.01,1.0,SBRAD,secondary,182,6,6,True,0.0
PTB-XL,train,0.01,1.0,STACH,secondary,182,7,6,True,0.0
PTB-XL,train,0.01,1.0,SARRH,secondary,182,6,6,True,0.0
PTB-XL,train,0.01,1.0,PVC,window_dependent,182,7,7,True,0.0
PTB-XL,train,0.01,1.0,PAC,window_dependent,182,2,2,True,0.0
PTB-XL,train,0.05,1.0,AF,primary,873,69,60,False,0.0
PTB-XL,train,0.05,1.0,PR_PROL,primary,873,41,40,False,0.0
PTB-XL,train,0.05,1.0,CRBBB,primary,873,24,21,False,0.0
PTB-XL,train,0.05,1.0,IRBBB,primary,873,40,39,False,0.0
PTB-XL,train,0.05,1.0,CLBBB,primary,873,19,16,False,0.0
PTB-XL,train,0.05,1.0,LAFB,primary,873,58,53,False,0.0
PTB-XL,train,0.05,1.0,LVH,primary,873,85,72,False,0.0
PTB-XL,train,0.05,1.0,IMI,primary,873,100,90,False,0.0
PTB-XL,train,0.05,1.0,ASMI,primary,873,99,86,False,0.0
PTB-XL,train,0.05,1.0,MI_ANY,exploratory,873,210,184,False,0.0
PTB-XL,train,0.05,1.0,TWAVE_ABN,exploratory,873,12,12,False,0.0
PTB-XL,train,0.05,1.0,NORM,exploratory,873,368,345,False,0.0
PTB-XL,train,0.05,1.0,SBRAD,secondary,873,35,35,False,0.0
PTB-XL,train,0.05,1.0,STACH,secondary,873,34,30,False,0.0
PTB-XL,train,0.05,1.0,SARRH,secondary,873,21,21,False,0.0
PTB-XL,train,0.05,1.0,PVC,window_dependent,873,38,38,False,0.0
PTB-XL,train,0.05,1.0,PAC,window_dependent,873,10,10,False,0.0
PTB-XL,train,0.1,1.0,AF,primary,1739,134,109,False,0.0
PTB-XL,train,0.1,1.0,PR_PROL,primary,1739,74,70,False,0.0
PTB-XL,train,0.1,1.0,CRBBB,primary,1739,50,42,False,0.0
PTB-XL,train,0.1,1.0,IRBBB,primary,1739,84,81,False,0.0
PTB-XL,train,0.1,1.0,CLBBB,primary,1739,36,31,False,0.0
PTB-XL,train,0.1,1.0,LAFB,primary,1739,129,119,False,0.0
PTB-XL,train,0.1,1.0,LVH,primary,1739,166,147,False,0.0
PTB-XL,train,0.1,1.0,IMI,primary,1739,190,169,False,0.0
PTB-XL,train,0.1,1.0,ASMI,primary,1739,180,161,False,0.0
PTB-XL,train,0.1,1.0,MI_ANY,exploratory,1739,387,339,False,0.0
PTB-XL,train,0.1,1.0,TWAVE_ABN,exploratory,1739,20,20,False,0.0
PTB-XL,train,0.1,1.0,NORM,exploratory,1739,753,704,False,0.0
PTB-XL,train,0.1,1.0,SBRAD,secondary,1739,63,61,False,0.0
PTB-XL,train,0.1,1.0,STACH,secondary,1739,75,67,False,0.0
PTB-XL,train,0.1,1.0,SARRH,secondary,1739,51,51,False,0.0
PTB-XL,train,0.1,1.0,PVC,window_dependent,1739,102,96,False,0.0
PTB-XL,train,0.1,1.0,PAC,window_dependent,1739,28,27,False,0.0
PTB-XL,train,0.25,1.0,AF,primary,4369,302,240,False,0.0
PTB-XL,train,0.25,1.0,PR_PROL,primary,4369,213,190,False,0.0
PTB-XL,train,0.25,1.0,CRBBB,primary,4369,110,91,False,0.0
PTB-XL,train,0.25,1.0,IRBBB,primary,4369,213,203,False,0.0
PTB-XL,train,0.25,1.0,CLBBB,primary,4369,119,95,False,0.0
PTB-XL,train,0.25,1.0,LAFB,primary,4369,305,275,False,0.0
PTB-XL,train,0.25,1.0,LVH,primary,4369,442,398,False,0.0
PTB-XL,train,0.25,1.0,IMI,primary,4369,540,468,False,0.0
PTB-XL,train,0.25,1.0,ASMI,primary,4369,494,428,False,0.0
PTB-XL,train,0.25,1.0,MI_ANY,exploratory,4369,1079,918,False,0.0
PTB-XL,train,0.25,1.0,TWAVE_ABN,exploratory,4369,65,62,False,0.0
PTB-XL,train,0.25,1.0,NORM,exploratory,4369,1863,1738,False,0.0
PTB-XL,train,0.25,1.0,SBRAD,secondary,4369,148,142,False,0.0
PTB-XL,train,0.25,1.0,STACH,secondary,4369,178,163,False,0.0
PTB-XL,train,0.25,1.0,SARRH,secondary,4369,141,139,False,0.0
PTB-XL,train,0.25,1.0,PVC,window_dependent,4369,253,234,False,0.0
PTB-XL,train,0.25,1.0,PAC,window_dependent,4369,71,68,False,0.0
PTB-XL,train,0.5,1.0,AF,primary,8752,587,485,False,0.0
PTB-XL,train,0.5,1.0,PR_PROL,primary,8752,419,370,False,0.0
PTB-XL,train,0.5,1.0,CRBBB,primary,8752,241,204,False,0.0
PTB-XL,train,0.5,1.0,IRBBB,primary,8752,439,415,False,0.0
PTB-XL,train,0.5,1.0,CLBBB,primary,8752,221,178,False,0.0
PTB-XL,train,0.5,1.0,LAFB,primary,8752,621,566,False,0.0
PTB-XL,train,0.5,1.0,LVH,primary,8752,871,777,False,0.0
PTB-XL,train,0.5,1.0,IMI,primary,8752,1070,930,False,0.0
PTB-XL,train,0.5,1.0,ASMI,primary,8752,933,807,False,0.0
PTB-XL,train,0.5,1.0,MI_ANY,exploratory,8752,2124,1793,False,0.0
PTB-XL,train,0.5,1.0,TWAVE_ABN,exploratory,8752,126,122,False,0.0
PTB-XL,train,0.5,1.0,NORM,exploratory,8752,3803,3544,False,0.0
PTB-XL,train,0.5,1.0,SBRAD,secondary,8752,267,258,False,0.0
PTB-XL,train,0.5,1.0,STACH,secondary,8752,356,331,False,0.0
PTB-XL,train,0.5,1.0,SARRH,secondary,8752,311,301,False,0.0
PTB-XL,train,0.5,1.0,PVC,window_dependent,8752,510,458,False,0.0
PTB-XL,train,0.5,1.0,PAC,window_dependent,8752,164,154,False,0.0
PTB-XL,train,1.0,1.0,AF,primary,17418,1211,991,False,0.0
PTB-XL,train,1.0,1.0,PR_PROL,primary,17418,808,714,False,0.0
PTB-XL,train,1.0,1.0,CRBBB,primary,17418,432,370,False,0.0
PTB-XL,train,1.0,1.0,IRBBB,primary,17418,894,834,False,0.0
PTB-XL,train,1.0,1.0,CLBBB,primary,17418,428,341,False,0.0
PTB-XL,train,1.0,1.0,LAFB,primary,17418,1298,1163,False,0.0
PTB-XL,train,1.0,1.0,LVH,primary,17418,1708,1511,False,0.0
PTB-XL,train,1.0,1.0,IMI,primary,17418,2143,1873,False,0.0
PTB-XL,train,1.0,1.0,ASMI,primary,17418,1887,1618,False,0.0
PTB-XL,train,1.0,1.0,MI_ANY,exploratory,17418,4235,3584,False,0.0
PTB-XL,train,1.0,1.0,TWAVE_ABN,exploratory,17418,263,256,False,0.0
PTB-XL,train,1.0,1.0,NORM,exploratory,17418,7596,7109,False,0.0
PTB-XL,train,1.0,1.0,SBRAD,secondary,17418,509,495,False,0.0
PTB-XL,train,1.0,1.0,STACH,secondary,17418,661,623,False,0.0
PTB-XL,train,1.0,1.0,SARRH,secondary,17418,618,604,False,0.0
PTB-XL,train,1.0,1.0,PVC,window_dependent,17418,915,839,False,0.0
PTB-XL,train,1.0,1.0,PAC,window_dependent,17418,318,305,False,0.0
PTB-XL,train,0.01,2.0,AF,primary,165,7,7,True,0.0
PTB-XL,train,0.01,2.0,PR_PROL,primary,165,7,7,True,0.0
PTB-XL,train,0.01,2.0,CRBBB,primary,165,4,4,True,0.0
PTB-XL,train,0.01,2.0,IRBBB,primary,165,9,9,True,0.0
PTB-XL,train,0.01,2.0,CLBBB,primary,165,4,3,True,0.0
PTB-XL,train,0.01,2.0,LAFB,primary,165,13,11,False,0.0
PTB-XL,train,0.01,2.0,LVH,primary,165,19,17,False,0.0
PTB-XL,train,0.01,2.0,IMI,primary,165,28,25,False,0.0
PTB-XL,train,0.01,2.0,ASMI,primary,165,12,10,False,0.0
PTB-XL,train,0.01,2.0,MI_ANY,exploratory,165,45,38,False,0.0
PTB-XL,train,0.01,2.0,TWAVE_ABN,exploratory,165,2,2,True,0.0
PTB-XL,train,0.01,2.0,NORM,exploratory,165,72,69,False,0.0
PTB-XL,train,0.01,2.0,SBRAD,secondary,165,1,1,True,0.0
PTB-XL,train,0.01,2.0,STACH,secondary,165,3,3,True,0.0
PTB-XL,train,0.01,2.0,SARRH,secondary,165,6,6,True,0.0
PTB-XL,train,0.01,2.0,PVC,window_dependent,165,9,9,True,0.0
PTB-XL,train,0.01,2.0,PAC,window_dependent,165,2,2,True,0.0
PTB-XL,train,0.05,2.0,AF,primary,860,45,39,False,0.0
PTB-XL,train,0.05,2.0,PR_PROL,primary,860,48,43,False,0.0
PTB-XL,train,0.05,2.0,CRBBB,primary,860,26,24,False,0.0
PTB-XL,train,0.05,2.0,IRBBB,primary,860,37,37,False,0.0
PTB-XL,train,0.05,2.0,CLBBB,primary,860,22,20,False,0.0
PTB-XL,train,0.05,2.0,LAFB,primary,860,64,54,False,0.0
PTB-XL,train,0.05,2.0,LVH,primary,860,84,79,False,0.0
PTB-XL,train,0.05,2.0,IMI,primary,860,101,93,False,0.0
PTB-XL,train,0.05,2.0,ASMI,primary,860,87,79,False,0.0
PTB-XL,train,0.05,2.0,MI_ANY,exploratory,860,206,178,False,0.0
PTB-XL,train,0.05,2.0,TWAVE_ABN,exploratory,860,11,11,False,0.0
PTB-XL,train,0.05,2.0,NORM,exploratory,860,391,365,False,0.0
PTB-XL,train,0.05,2.0,SBRAD,secondary,860,24,24,False,0.0
PTB-XL,train,0.05,2.0,STACH,secondary,860,30,28,False,0.0
PTB-XL,train,0.05,2.0,SARRH,secondary,860,44,42,False,0.0
PTB-XL,train,0.05,2.0,PVC,window_dependent,860,45,40,False,0.0
PTB-XL,train,0.05,2.0,PAC,window_dependent,860,12,11,False,0.0
PTB-XL,train,0.1,2.0,AF,primary,1717,113,96,False,0.0
PTB-XL,train,0.1,2.0,PR_PROL,primary,1717,89,74,False,0.0
PTB-XL,train,0.1,2.0,CRBBB,primary,1717,50,46,False,0.0
PTB-XL,train,0.1,2.0,IRBBB,primary,1717,81,79,False,0.0
PTB-XL,train,0.1,2.0,CLBBB,primary,1717,41,38,False,0.0
PTB-XL,train,0.1,2.0,LAFB,primary,1717,132,113,False,0.0
PTB-XL,train,0.1,2.0,LVH,primary,1717,162,151,False,0.0
PTB-XL,train,0.1,2.0,IMI,primary,1717,199,180,False,0.0
PTB-XL,train,0.1,2.0,ASMI,primary,1717,192,162,False,0.0
PTB-XL,train,0.1,2.0,MI_ANY,exploratory,1717,417,347,False,0.0
PTB-XL,train,0.1,2.0,TWAVE_ABN,exploratory,1717,24,24,False,0.0
PTB-XL,train,0.1,2.0,NORM,exploratory,1717,762,718,False,0.0
PTB-XL,train,0.1,2.0,SBRAD,secondary,1717,50,50,False,0.0
PTB-XL,train,0.1,2.0,STACH,secondary,1717,68,63,False,0.0
PTB-XL,train,0.1,2.0,SARRH,secondary,1717,74,72,False,0.0
PTB-XL,train,0.1,2.0,PVC,window_dependent,1717,88,79,False,0.0
PTB-XL,train,0.1,2.0,PAC,window_dependent,1717,27,25,False,0.0
PTB-XL,train,0.25,2.0,AF,primary,4378,305,252,False,0.0
PTB-XL,train,0.25,2.0,PR_PROL,primary,4378,232,195,False,0.0
PTB-XL,train,0.25,2.0,CRBBB,primary,4378,119,105,False,0.0
PTB-XL,train,0.25,2.0,IRBBB,primary,4378,246,232,False,0.0
PTB-XL,train,0.25,2.0,CLBBB,primary,4378,109,89,False,0.0
PTB-XL,train,0.25,2.0,LAFB,primary,4378,330,288,False,0.0
PTB-XL,train,0.25,2.0,LVH,primary,4378,416,370,False,0.0
PTB-XL,train,0.25,2.0,IMI,primary,4378,525,461,False,0.0
PTB-XL,train,0.25,2.0,ASMI,primary,4378,509,436,False,0.0
PTB-XL,train,0.25,2.0,MI_ANY,exploratory,4378,1098,915,False,0.0
PTB-XL,train,0.25,2.0,TWAVE_ABN,exploratory,4378,68,66,False,0.0
PTB-XL,train,0.25,2.0,NORM,exploratory,4378,1890,1774,False,0.0
PTB-XL,train,0.25,2.0,SBRAD,secondary,4378,128,126,False,0.0
PTB-XL,train,0.25,2.0,STACH,secondary,4378,175,165,False,0.0
PTB-XL,train,0.25,2.0,SARRH,secondary,4378,173,167,False,0.0
PTB-XL,train,0.25,2.0,PVC,window_dependent,4378,241,215,False,0.0
PTB-XL,train,0.25,2.0,PAC,window_dependent,4378,86,81,False,0.0
PTB-XL,train,0.5,2.0,AF,primary,8743,616,491,False,0.0
PTB-XL,train,0.5,2.0,PR_PROL,primary,8743,428,376,False,0.0
PTB-XL,train,0.5,2.0,CRBBB,primary,8743,220,191,False,0.0
PTB-XL,train,0.5,2.0,IRBBB,primary,8743,488,453,False,0.0
PTB-XL,train,0.5,2.0,CLBBB,primary,8743,227,180,False,0.0
PTB-XL,train,0.5,2.0,LAFB,primary,8743,648,574,False,0.0
PTB-XL,train,0.5,2.0,LVH,primary,8743,844,743,False,0.0
PTB-XL,train,0.5,2.0,IMI,primary,8743,1053,917,False,0.0
PTB-XL,train,0.5,2.0,ASMI,primary,8743,992,832,False,0.0
PTB-XL,train,0.5,2.0,MI_ANY,exploratory,8743,2162,1793,False,0.0
PTB-XL,train,0.5,2.0,TWAVE_ABN,exploratory,8743,132,129,False,0.0
PTB-XL,train,0.5,2.0,NORM,exploratory,8743,3792,3558,False,0.0
PTB-XL,train,0.5,2.0,SBRAD,secondary,8743,249,241,False,0.0
PTB-XL,train,0.5,2.0,STACH,secondary,8743,308,294,False,0.0
PTB-XL,train,0.5,2.0,SARRH,secondary,8743,314,307,False,0.0
PTB-XL,train,0.5,2.0,PVC,window_dependent,8743,484,440,False,0.0
PTB-XL,train,0.5,2.0,PAC,window_dependent,8743,163,155,False,0.0
PTB-XL,train,1.0,2.0,AF,primary,17418,1211,991,False,0.0
PTB-XL,train,1.0,2.0,PR_PROL,primary,17418,808,714,False,0.0
PTB-XL,train,1.0,2.0,CRBBB,primary,17418,432,370,False,0.0
PTB-XL,train,1.0,2.0,IRBBB,primary,17418,894,834,False,0.0
PTB-XL,train,1.0,2.0,CLBBB,primary,17418,428,341,False,0.0
PTB-XL,train,1.0,2.0,LAFB,primary,17418,1298,1163,False,0.0
PTB-XL,train,1.0,2.0,LVH,primary,17418,1708,1511,False,0.0
PTB-XL,train,1.0,2.0,IMI,primary,17418,2143,1873,False,0.0
PTB-XL,train,1.0,2.0,ASMI,primary,17418,1887,1618,False,0.0
PTB-XL,train,1.0,2.0,MI_ANY,exploratory,17418,4235,3584,False,0.0
PTB-XL,train,1.0,2.0,TWAVE_ABN,exploratory,17418,263,256,False,0.0
PTB-XL,train,1.0,2.0,NORM,exploratory,17418,7596,7109,False,0.0
PTB-XL,train,1.0,2.0,SBRAD,secondary,17418,509,495,False,0.0
PTB-XL,train,1.0,2.0,STACH,secondary,17418,661,623,False,0.0
PTB-XL,train,1.0,2.0,SARRH,secondary,17418,618,604,False,0.0
PTB-XL,train,1.0,2.0,PVC,window_dependent,17418,915,839,False,0.0
PTB-XL,train,1.0,2.0,PAC,window_dependent,17418,318,305,False,0.0
SPH,external_test,,,AF,primary,25770,675,634,False,0.0
SPH,external_test,,,PR_PROL,primary,25770,238,233,False,0.0
SPH,external_test,,,CRBBB,primary,25770,710,658,False,0.0
SPH,external_test,,,IRBBB,primary,25770,1259,1238,False,0.0
SPH,external_test,,,CLBBB,primary,25770,84,79,False,0.0
SPH,external_test,,,LAFB,primary,25770,154,149,False,0.0
SPH,external_test,,,LVH,primary,25770,209,201,False,0.0
SPH,external_test,,,IMI,primary,25770,120,117,False,0.0
SPH,external_test,,,ASMI,primary,25770,91,82,False,0.0
SPH,external_test,,,MI_ANY,exploratory,25770,260,242,False,0.0
SPH,external_test,,,TWAVE_ABN,exploratory,25770,2218,2155,False,0.0
SPH,external_test,,,NORM,exploratory,25770,13905,13498,False,0.0
SPH,external_test,,,SBRAD,secondary,25770,2711,2640,False,0.0
SPH,external_test,,,STACH,secondary,25770,725,705,False,0.0
SPH,external_test,,,SARRH,secondary,25770,1553,1527,False,0.0
SPH,external_test,,,PVC,window_dependent,25770,1067,1032,False,0.0
SPH,external_test,,,PAC,window_dependent,25770,539,525,False,0.0
