ECG_ID,sha256,n_leads,n_samples,AHA_Code,Patient_ID,Age,Sex,N,Date,primary,label_conflict,excluded
A06721,004bc583eb597e02a17501e7682e817f99165205470c72c9b9331eaef5e45ba6,12,5000,1,S06641,54,M,5000,2019-09-01,1,False,False
A20425,004bc583eb597e02a17501e7682e817f99165205470c72c9b9331eaef5e45ba6,12,5000,1,S06641,54,M,5000,2019-09-01,1,False,True
A02746,024fc5573659c754384a9f56022e31fd9fb3bf06033fdf1326b98dfac6c27a1b,12,5000,23,S02724,24,M,5000,2020-08-16,23,False,False
A06818,024fc5573659c754384a9f56022e31fd9fb3bf06033fdf1326b98dfac6c27a1b,12,5000,23,S02724,24,M,5000,2020-08-16,23,False,True
A08131,0330e85867fa045fed7b59b665dc3346ae9e2e5ab7374c8a6dee1ad5c3808714,12,6000,145,S08012,53,F,6000,2020-06-27,145,False,False
A22770,0330e85867fa045fed7b59b665dc3346ae9e2e5ab7374c8a6dee1ad5c3808714,12,6000,145,S08012,53,F,6000,2020-06-27,145,False,True
A11397,04990d3a9d28594a44e14d556a691502181df124605dc4aae9e5fefd63b913e6,12,5500,1,S11163,65,M,5500,2020-05-01,1,False,False
A24885,04990d3a9d28594a44e14d556a691502181df124605dc4aae9e5fefd63b913e6,12,5500,1,S11163,65,M,5500,2020-05-01,1,False,True
A08686,07422f88404f23a78cbefb864ef59b7c957a187a150b267741c4b692baf59fa5,12,6000,146;51;86,S08551,88,M,6000,2020-04-10,146;51;86,True,True
A17300,07422f88404f23a78cbefb864ef59b7c957a187a150b267741c4b692baf59fa5,12,6000,50;146,S08551,88,M,6000,2020-04-10,146;50,True,True
A15107,0abde04755eb9ad28178900358aff65f0eaee228b89b378461045538d27ab9e2,12,5000,50+346,S14699,77,M,5000,2020-04-20,50,False,False
A25564,0abde04755eb9ad28178900358aff65f0eaee228b89b378461045538d27ab9e2,12,5000,50+346,S14699,77,M,5000,2020-04-20,50,False,True
A02808,0b3f703b63d5668b08e15f15521ec1b48d0ecb345f9e9cb1b038a35f0d4cd1f7,12,5000,1,S02786,65,F,5000,2020-07-16,1,False,False
A04553,0b3f703b63d5668b08e15f15521ec1b48d0ecb345f9e9cb1b038a35f0d4cd1f7,12,5000,1,S02786,65,F,5000,2020-07-16,1,False,True
A11920,0b9878635425b5f222e10f279bafdbaedfaeaa3c110e543b29e4240ce37c779f,12,5000,21,S06859,48,M,5000,2019-12-07,21,False,False
A13968,0b9878635425b5f222e10f279bafdbaedfaeaa3c110e543b29e4240ce37c779f,12,5000,21,S06859,48,M,5000,2019-12-07,21,False,True
A15529,0e1dc5f269b0b1093e44aa972353df24fb08dc487fa738f6053c87b15ec75692,12,5000,1,S15098,35,M,5000,2020-01-11,1,False,False
A17499,0e1dc5f269b0b1093e44aa972353df24fb08dc487fa738f6053c87b15ec75692,12,5000,1,S15098,35,M,5000,2020-01-11,1,False,True
A19213,115b8aa437b371123c5a1f6dbf29930242fd91a9d725b321a6f0c02913c3ee77,12,6000,1,S18586,69,F,6000,2020-06-06,1,False,False
A25511,115b8aa437b371123c5a1f6dbf29930242fd91a9d725b321a6f0c02913c3ee77,12,6000,1,S18586,69,F,6000,2020-06-06,1,False,True
A05721,117344c9b3b434c7c9d3b6a89b6ce56e4545520a28847ae8878c60de84454ff1,12,6000,142;153;51;86,S05660,88,M,6000,2020-03-10,142;153;51;86,True,True
A09742,117344c9b3b434c7c9d3b6a89b6ce56e4545520a28847ae8878c60de84454ff1,12,6000,50;142;153,S05660,88,M,6000,2020-03-10,142;153;50,True,True
A07984,12707510f14f25d213a985a97f343abf7a358e6ef5f8d95e0a0d925ca8dd4c19,12,5000,1,S07868,81,F,5000,2019-12-15,1,False,False
A19305,12707510f14f25d213a985a97f343abf7a358e6ef5f8d95e0a0d925ca8dd4c19,12,5000,1,S07868,81,F,5000,2019-12-15,1,False,True
A14460,15a998aed5ba02bff571f5f49dc75003a598a4202c02583221d491decb50aa60,12,5000,1,S14085,74,F,5000,2020-08-06,1,False,False
A14670,15a998aed5ba02bff571f5f49dc75003a598a4202c02583221d491decb50aa60,12,5000,1,S14085,74,F,5000,2020-08-06,1,False,True
A02232,1638ce8ee93743e323234f41a251f6468889d997e2eff907bedaa39f6d365d21,12,6500,50;147,S02220,71,F,6500,2020-06-10,147;50,False,False
A09527,1638ce8ee93743e323234f41a251f6468889d997e2eff907bedaa39f6d365d21,12,6500,50;147,S02220,71,F,6500,2020-06-10,147;50,False,True
A05737,18ac3d64e49d97cc39a773ca4ef01e15fe508ce684c1083ebe6d8d0c29cd0a3d,12,5000,1,S05676,42,F,5000,2019-12-29,1,False,False
A05755,18ac3d64e49d97cc39a773ca4ef01e15fe508ce684c1083ebe6d8d0c29cd0a3d,12,5000,1,S05676,42,F,5000,2019-12-29,1,False,True
A08466,1988ec3774f6be1048fe279298f80048539b15ea986ebd6f2dd3785c41776521,12,5000,23;147,S08342,26,M,5000,2020-08-12,147;23,True,True
A21146,1988ec3774f6be1048fe279298f80048539b15ea986ebd6f2dd3785c41776521,12,5000,23;147;105,S08342,26,M,5000,2020-08-12,105;147;23,True,True
A10299,1b24682c55501aa86c9db0fcdbb1968663f07c54a3abf7277a7e1469fe703dd9,12,5000,146,S10102,56,F,5000,2019-12-13,146,False,False
A23782,1b24682c55501aa86c9db0fcdbb1968663f07c54a3abf7277a7e1469fe703dd9,12,5000,146,S10102,56,F,5000,2019-12-13,146,False,True
A01094,1b828dc044e02ec5ff216f4fadf92d2f3a090c4f9e28a9d75eac9027859e4144,12,5000,1,S01093,55,M,5000,2019-11-20,1,False,False
A23940,1b828dc044e02ec5ff216f4fadf92d2f3a090c4f9e28a9d75eac9027859e4144,12,5000,1,S01093,55,M,5000,2019-11-20,1,False,True
A11989,1e6ba4fb96316396989e3d2645514af0bedded8c52fc189754cda10efcfb0087,12,6000,1,S11738,61,F,6000,2020-07-10,1,False,False
A12067,1e6ba4fb96316396989e3d2645514af0bedded8c52fc189754cda10efcfb0087,12,6000,1,S11738,61,F,6000,2020-07-10,1,False,True
A11098,1f1ca34573120b85c7587436b7d79d23abaf1db371fb417df8f4196159162bd7,12,5000,21,S10875,24,M,5000,2020-03-09,21,False,False
A22263,1f1ca34573120b85c7587436b7d79d23abaf1db371fb417df8f4196159162bd7,12,5000,21,S10875,24,M,5000,2020-03-09,21,False,True
A10983,1f2986160ef95c02661654ddd654e995813a1ce20dc942adce76b46ea31dbed5,12,5000,1,S10766,38,M,5000,2019-11-08,1,False,False
A14688,1f2986160ef95c02661654ddd654e995813a1ce20dc942adce76b46ea31dbed5,12,5000,1,S10766,38,M,5000,2019-11-08,1,False,True
A11492,1f684db6a99c71055f326a4b387e667ad0ff792d05091acbce42953a4226b972,12,5000,1,S11256,24,M,5000,2019-08-02,1,False,False
A16670,1f684db6a99c71055f326a4b387e667ad0ff792d05091acbce42953a4226b972,12,5000,1,S11256,24,M,5000,2019-08-02,1,False,True
A15981,22c6e47492ae4d1e11545600c3791568f8f3f0ef2f0de6fdab85bbd2a74d7d85,12,6000,1,S15527,26,M,6000,2019-12-21,1,False,False
A18975,22c6e47492ae4d1e11545600c3791568f8f3f0ef2f0de6fdab85bbd2a74d7d85,12,6000,1,S15527,26,M,6000,2019-12-21,1,False,True
A01776,239e7a7c44cc87f8261f686516c044b10fa2e0c2f237453a8247b331e9b4b728,12,5000,21,S01769,67,M,5000,2020-07-01,21,False,False
A02672,239e7a7c44cc87f8261f686516c044b10fa2e0c2f237453a8247b331e9b4b728,12,5000,21,S01769,67,M,5000,2020-07-01,21,False,True
A22273,24312f66c876f3c49b04d14f4fe5ca83b483493b91d74cb45a16d3c43a58de0a,12,5000,22;30+308,S21456,35,M,5000,2020-01-28,22;30,False,False
A23480,24312f66c876f3c49b04d14f4fe5ca83b483493b91d74cb45a16d3c43a58de0a,12,5000,22;30+308,S21456,35,M,5000,2020-01-28,22;30,False,True
A06286,24ad4b39e096e8422759c869a994d7f0f03b74e6fae97511160fa9a2a46f8911,12,5000,1,S06219,66,F,5000,2019-11-06,1,False,False
A23635,24ad4b39e096e8422759c869a994d7f0f03b74e6fae97511160fa9a2a46f8911,12,5000,1,S06219,66,F,5000,2019-11-06,1,False,True
A02438,25374b9bc3f8ec4e7e74c8a4c8b6c781876d4679d543d4df7113e602753fe32b,12,5000,147,S02420,46,M,5000,2019-09-30,147,False,False
A06338,25374b9bc3f8ec4e7e74c8a4c8b6c781876d4679d543d4df7113e602753fe32b,12,5000,147,S02420,46,M,5000,2019-09-30,147,False,True
A03833,266795f123eacde096360bc991bfbd8551e9ef88608b4132d248da7e2beb65a4,12,5000,147,S03794,57,F,5000,2020-05-02,147,True,True
A22270,266795f123eacde096360bc991bfbd8551e9ef88608b4132d248da7e2beb65a4,12,5000,146,S03794,57,F,5000,2020-05-02,146,True,True
A01311,267f39faa2286dc0eb9874448a0023de213bf1e2f5caaf82c181c6903a7359b1,12,6000,1,S01310,53,M,6000,2019-10-28,1,False,False
A15808,267f39faa2286dc0eb9874448a0023de213bf1e2f5caaf82c181c6903a7359b1,12,6000,1,S01310,53,M,6000,2019-10-28,1,False,True
A09735,2901a42f6361ceed481a839dbf67db310d670d0547e0bddef8ba1c64c64c81d7,12,6000,1,S09566,63,M,6000,2019-09-04,1,False,False
A16930,2901a42f6361ceed481a839dbf67db310d670d0547e0bddef8ba1c64c64c81d7,12,6000,1,S09566,63,M,6000,2019-09-04,1,False,True
A07586,2b628cec39b932d3ef3a0e54b8b83118201e6b41a0ecd12909f6d3cce95c73b6,12,5000,1,S07479,32,F,5000,2020-04-17,1,False,False
A07682,2b628cec39b932d3ef3a0e54b8b83118201e6b41a0ecd12909f6d3cce95c73b6,12,5000,1,S07479,32,F,5000,2020-04-17,1,False,True
A11941,2ba1e268e618d6260f48929d4052bee6f4fffb9ea438715f5d38a8ce656b4b44,12,6500,146,S11693,58,F,6500,2019-12-27,146,False,False
A25278,2ba1e268e618d6260f48929d4052bee6f4fffb9ea438715f5d38a8ce656b4b44,12,6500,146,S11693,58,F,6500,2019-12-27,146,False,True
A04927,2bb6515e52ad3a5f05521499cae1a95673e8dbd6bf1ccc3880a843bfeb134bc7,12,5000,145+362,S04879,79,F,5000,2020-01-20,145,False,False
A24869,2bb6515e52ad3a5f05521499cae1a95673e8dbd6bf1ccc3880a843bfeb134bc7,12,5000,145+362,S04879,79,F,5000,2020-01-20,145,False,True
A04634,31ac1effd587dda8dd9e022368240a5e50f398285548d35079b802ef2930cfa3,12,5000,1,S04589,41,M,5000,2019-12-28,1,False,False
A15709,31ac1effd587dda8dd9e022368240a5e50f398285548d35079b802ef2930cfa3,12,5000,1,S04589,41,M,5000,2019-12-28,1,False,True
A11439,34c1238b4840f8b31e5d8071e0c529d17cc95b163e9077486c609c2408569083,12,5000,105,S11205,37,M,5000,2020-03-29,105,True,True
A14671,34c1238b4840f8b31e5d8071e0c529d17cc95b163e9077486c609c2408569083,12,5000,1,S11205,37,M,5000,2020-03-29,1,True,True
A19034,36414c19da4a2263072f4dcebfe39eb823cb10a3cfed55a1a64437bfaf455ade,12,5000,1,S18420,50,F,5000,2020-05-07,1,False,False
A23230,36414c19da4a2263072f4dcebfe39eb823cb10a3cfed55a1a64437bfaf455ade,12,5000,1,S18420,50,F,5000,2020-05-07,1,False,True
A05515,387cb1cfb4ae516b8a562fa86bd1f667ea31c652b11c97885a95a812f2b98fcc,12,5000,106;145+362,S05456,84,F,5000,2019-12-26,106;145,True,True
A23766,387cb1cfb4ae516b8a562fa86bd1f667ea31c652b11c97885a95a812f2b98fcc,12,5000,106,S05456,84,F,5000,2019-12-26,106,True,True
A03598,3b5aae910359fed42f5a1719bbf7571e14fb34f089c2ee4d22aabdc8843e8399,12,5000,1,S03563,59,F,5000,2019-09-30,1,False,False
A13083,3b5aae910359fed42f5a1719bbf7571e14fb34f089c2ee4d22aabdc8843e8399,12,5000,1,S03563,59,F,5000,2019-09-30,1,False,True
A05928,3d612cbcef1e03d466db320ab91db165642dd713dc0903f6013be20a00d62bd3,12,5000,147,S05865,41,F,5000,2019-11-06,147,False,False
A19895,3d612cbcef1e03d466db320ab91db165642dd713dc0903f6013be20a00d62bd3,12,5000,147,S05865,41,F,5000,2019-11-06,147,False,True
A14293,3d9e9c0737dc256f522b8dec568654551202ca6b3b59e2149bb52ffe62cb7d39,12,5000,1,S13923,45,F,5000,2019-12-20,1,True,True
A25260,3d9e9c0737dc256f522b8dec568654551202ca6b3b59e2149bb52ffe62cb7d39,12,5000,23,S13923,45,F,5000,2019-12-20,23,True,True
A08609,3e445aafe7a2f081bc508229010361e9752263cbfbb9f61e35426bb2a163934c,12,5500,125,S05556,66,M,5500,2020-02-28,125,False,False
A13930,3e445aafe7a2f081bc508229010361e9752263cbfbb9f61e35426bb2a163934c,12,5500,125,S05556,66,M,5500,2020-02-28,125,False,True
A09436,420932371b12c344c0991ed730892667f5bc7b455841d568ffa5b9f0e8579f4a,12,5000,60+308,S09279,66,F,5000,2020-03-13,60,False,False
A25730,420932371b12c344c0991ed730892667f5bc7b455841d568ffa5b9f0e8579f4a,12,5000,60+308,S09279,66,F,5000,2020-03-13,60,False,True
A03372,42425e739592369201322c8f4060f45205c72cd28569a570c2931269d0d86391,12,6000,1,S03338,65,F,6000,2020-01-04,1,False,False
A25146,42425e739592369201322c8f4060f45205c72cd28569a570c2931269d0d86391,12,6000,1,S03338,65,F,6000,2020-01-04,1,False,True
A06358,42c0ef5a171f9104bedda12919f7ca8a7c63382862d3e6631c806201bb93e935,12,5000,1,S06286,66,F,5000,2019-08-09,1,False,False
A14818,42c0ef5a171f9104bedda12919f7ca8a7c63382862d3e6631c806201bb93e935,12,5000,1,S06286,66,F,5000,2019-08-09,1,False,True
A00666,45877e3aa54621859859945660042de57f2c1790d376e077994f1fa10913995d,12,5000,1,S00666,71,M,5000,2020-08-14,1,False,False
A25586,45877e3aa54621859859945660042de57f2c1790d376e077994f1fa10913995d,12,5000,1,S00666,71,M,5000,2020-08-14,1,False,True
A04241,471ee043613bc9a64332087cd88a779c00faa66433828fdba291d24a2495ad09,12,5000,23,S04199,24,M,5000,2020-01-16,23,True,True
A09661,471ee043613bc9a64332087cd88a779c00faa66433828fdba291d24a2495ad09,12,5000,23;105,S04199,24,M,5000,2020-01-16,105;23,True,True
A02677,4c76da986667bd761155b721bd8c6f623e1ae3e5edf7c18ddb42b16de581a5c1,12,5000,1,S02655,65,F,5000,2019-09-05,1,False,False
A06065,4c76da986667bd761155b721bd8c6f623e1ae3e5edf7c18ddb42b16de581a5c1,12,5000,1,S02655,65,F,5000,2019-09-05,1,False,True
A03019,4fbf349cc6f9ad2c532b503a40bf423da3e8c28da767171097856bc6c13aab1d,12,5000,21,S02992,29,F,5000,2020-06-06,21,False,False
A09220,4fbf349cc6f9ad2c532b503a40bf423da3e8c28da767171097856bc6c13aab1d,12,5000,21,S02992,29,F,5000,2020-06-06,21,False,True
A09783,50e6798e8c5725a08ced25531b19927e8aa0a870a3c6d4edde798b6db4c1868e,12,5000,21,S09609,24,M,5000,2019-10-21,21,False,False
A20914,50e6798e8c5725a08ced25531b19927e8aa0a870a3c6d4edde798b6db4c1868e,12,5000,21,S09609,24,M,5000,2019-10-21,21,False,True
A02460,5109df7492fbeb70e500a2fe161ba4445eb383f0cb482b5fa87d66593a0ebec2,12,8500,1,S02442,77,F,8500,2020-02-04,1,False,False
A04703,5109df7492fbeb70e500a2fe161ba4445eb383f0cb482b5fa87d66593a0ebec2,12,8500,1,S02442,77,F,8500,2020-02-04,1,False,True
A02141,5395ead51cd159ff1172bd3bbdda983649fad9d1b7795481a4f196c34252f1e6,12,6000,145+362,S02131,64,F,6000,2019-09-22,145,False,False
A07277,5395ead51cd159ff1172bd3bbdda983649fad9d1b7795481a4f196c34252f1e6,12,6000,145+362,S02131,64,F,6000,2019-09-22,145,False,True
A02903,5538c0ad9715d588c0a3c539ddaeea03da3a13954013475a1180d39a4c45280c,12,5000,1,S02879,70,M,5000,2020-05-28,1,False,False
A07521,5538c0ad9715d588c0a3c539ddaeea03da3a13954013475a1180d39a4c45280c,12,5000,1,S02879,70,M,5000,2020-05-28,1,False,True
A15227,55872323b89e481b888dc622efd8494015c43948853e1f3aed607a3d477b1138,12,5000,1,S14812,84,F,5000,2019-08-17,1,False,False
A18494,55872323b89e481b888dc622efd8494015c43948853e1f3aed607a3d477b1138,12,5000,1,S14812,84,F,5000,2019-08-17,1,False,True
A10393,55a6f1bb22b130f858ed9e59278701a289595598de34c1bb4fad44f5882e6aef,12,5000,1,S10193,70,F,5000,2020-05-09,1,False,False
A24142,55a6f1bb22b130f858ed9e59278701a289595598de34c1bb4fad44f5882e6aef,12,5000,1,S10193,70,F,5000,2020-05-09,1,False,True
A09256,5725d16f3cde38ef4a545047d98c75a008bc8c16ee6e45a792631327644c3579,12,5000,1,S09103,69,F,5000,2020-08-01,1,False,False
A21786,5725d16f3cde38ef4a545047d98c75a008bc8c16ee6e45a792631327644c3579,12,5000,1,S09103,69,F,5000,2020-08-01,1,False,True
A15327,5892a39616bc86af8910475f27166a7e16b59f837efc85194a8d570991d61358,12,5000,1,S14904,85,F,5000,2020-07-02,1,False,False
A20278,5892a39616bc86af8910475f27166a7e16b59f837efc85194a8d570991d61358,12,5000,1,S14904,85,F,5000,2020-07-02,1,False,True
A01804,58ea040c0cbe91a3ff94871863c5ec06eb3ac89296e3a322661c2558a94ddb19,12,5000,1,S01797,32,F,5000,2020-05-02,1,False,False
A09964,58ea040c0cbe91a3ff94871863c5ec06eb3ac89296e3a322661c2558a94ddb19,12,5000,1,S01797,32,F,5000,2020-05-02,1,False,True
A08203,59719c4875bc11b1868c3e4c929a88ee9d3d90c80896888c9d55644315554c06,12,5000,23,S08082,33,M,5000,2020-06-16,23,False,False
A16890,59719c4875bc11b1868c3e4c929a88ee9d3d90c80896888c9d55644315554c06,12,5000,23,S08082,33,M,5000,2020-06-16,23,False,True
A00256,5acabbdd4d31c268e9ef55c786a4f06db33ae9e3cc9eef999c56cc37966a76e3,12,5000,23,S00256,24,F,5000,2020-08-02,23,False,False
A24157,5acabbdd4d31c268e9ef55c786a4f06db33ae9e3cc9eef999c56cc37966a76e3,12,5000,23,S00256,24,F,5000,2020-08-02,23,False,True
A14138,5bf05a41734108a25036117ecd36b8188b16c59bf5a8082b64f63841f90b81c7,12,5500,22;145+362,S13774,57,F,5500,2020-04-24,145;22,False,False
A19891,5bf05a41734108a25036117ecd36b8188b16c59bf5a8082b64f63841f90b81c7,12,5500,22;145+362,S13774,57,F,5500,2020-04-24,145;22,False,True
A12325,5e5d98d2ac2d0d2253b679afe55acd3cf4f2cc13e2d70b6ed448f3b4b276bc86,12,5000,1,S12054,61,M,5000,2019-11-04,1,False,False
A18221,5e5d98d2ac2d0d2253b679afe55acd3cf4f2cc13e2d70b6ed448f3b4b276bc86,12,5000,1,S12054,61,M,5000,2019-11-04,1,False,True
A14135,5f37dfc48d67b7f2b51fcde4c19cead9ac3124f6cc00cbe611a04c91a0924870,12,6000,147,S13771,72,M,6000,2020-04-24,147,False,False
A15758,5f37dfc48d67b7f2b51fcde4c19cead9ac3124f6cc00cbe611a04c91a0924870,12,6000,147,S13771,72,M,6000,2020-04-24,147,False,True
A12803,5f79471565d10b92830562ca0db6e21e8079961c67424be7d737033ba68384c1,12,6000,1,S12506,37,F,6000,2019-12-04,1,False,False
A14064,5f79471565d10b92830562ca0db6e21e8079961c67424be7d737033ba68384c1,12,6000,1,S12506,37,F,6000,2019-12-04,1,False,True
A02194,61c45ffd69a35555cab89ab74c55950512ce5fbb180a1fdc7117b2937fa82ec1,12,5000,1,S02184,39,M,5000,2020-02-29,1,False,False
A25258,61c45ffd69a35555cab89ab74c55950512ce5fbb180a1fdc7117b2937fa82ec1,12,5000,1,S02184,39,M,5000,2020-02-29,1,False,True
A04707,672fd3246ccf057b5bb90cfb702b771346665a59d3b6e5842e632cde359a3e6f,12,5000,60+310,S04661,68,F,5000,2020-03-09,60,False,False
A12564,672fd3246ccf057b5bb90cfb702b771346665a59d3b6e5842e632cde359a3e6f,12,5000,60+310,S04661,68,F,5000,2020-03-09,60,False,True
A09784,67a350b643b72204c0cac8f1387f4a8e9a41bc87504ae525d881c8b8b530fefb,12,5000,106;60+308;82,S09610,72,M,5000,2019-09-10,106;60;82,True,True
A13474,67a350b643b72204c0cac8f1387f4a8e9a41bc87504ae525d881c8b8b530fefb,12,5000,106;60+308,S09610,72,M,5000,2019-09-10,106;60,True,True
A11493,68a1cbfdf5cb16fe1653c9f6c0d01e3c766a75bb4b6564f8ea072168ea651e4f,12,6000,165+331;147,S01872,57,M,6000,2020-05-30,147;165,False,False
A24473,68a1cbfdf5cb16fe1653c9f6c0d01e3c766a75bb4b6564f8ea072168ea651e4f,12,6000,165+331;147,S01872,57,M,6000,2020-05-30,147;165,False,True
A06490,69f11915fd568ba02c3c1b42b25f539399773d55c81a4c06c2a10fcbe5425c4d,12,6000,21;165+332;106;145+362,S06415,87,M,6000,2019-12-28,106;145;165;21,False,False
A24851,69f11915fd568ba02c3c1b42b25f539399773d55c81a4c06c2a10fcbe5425c4d,12,6000,21;165+332;106;145+362,S06415,87,M,6000,2019-12-28,106;145;165;21,False,True
A13301,69f9069aef916580333f812343c28c4c8d0600c62ee712be032f0bddfe8a69a8,12,5000,22;105,S12978,64,M,5000,2020-08-01,105;22,False,False
A14735,69f9069aef916580333f812343c28c4c8d0600c62ee712be032f0bddfe8a69a8,12,5000,22;105,S12978,64,M,5000,2020-08-01,105;22,False,True
A08908,6a3e29801d93e94285398dc8cac25f24554a9b44df226a93b1f142e13a19ca16,12,5000,1,S08767,61,M,5000,2019-10-04,1,False,False
A18358,6a3e29801d93e94285398dc8cac25f24554a9b44df226a93b1f142e13a19ca16,12,5000,1,S08767,61,M,5000,2019-10-04,1,False,True
A04468,6a55ba1ba33507c056f2e34b08595368850e3667989f97199a4b67b3d8a587e9,12,5000,1,S04425,44,M,5000,2019-11-09,1,False,False
A12645,6a55ba1ba33507c056f2e34b08595368850e3667989f97199a4b67b3d8a587e9,12,5000,1,S04425,44,M,5000,2019-11-09,1,False,True
A02532,6dd5f30758dc89addf06fa6ee3e94c095ce0cf48f19fdec23e2e95175a982e5f,12,5000,60+308;145+362;105,S02513,86,M,5000,2019-10-22,105;145;60,True,True
A03748,6dd5f30758dc89addf06fa6ee3e94c095ce0cf48f19fdec23e2e95175a982e5f,12,5000,60+308;145+362,S02513,86,M,5000,2019-10-22,145;60,True,True
A10447,6de38ef345e73a264ecc1e66b6b275abdbd808c95eadc07c0778a3cdfaf84842,12,6000,1,S10244,69,F,6000,2019-11-14,1,False,False
A19596,6de38ef345e73a264ecc1e66b6b275abdbd808c95eadc07c0778a3cdfaf84842,12,6000,1,S10244,69,F,6000,2019-11-14,1,False,True
A05783,7042051b5f31728bdad0687d8f15d4f57a34892a1c92e5cf19403c916035eef8,12,5000,1,S05721,36,M,5000,2019-10-28,1,False,False
A20756,7042051b5f31728bdad0687d8f15d4f57a34892a1c92e5cf19403c916035eef8,12,5000,1,S05721,36,M,5000,2019-10-28,1,False,True
A02323,719191ba113088fe026f56db685bf284c9e33ee03f875144cd27b7581da93648,12,5000,22;106,S02310,74,M,5000,2020-08-01,106;22,False,False
A17790,719191ba113088fe026f56db685bf284c9e33ee03f875144cd27b7581da93648,12,5000,22;106,S02310,74,M,5000,2020-08-01,106;22,False,True
A10409,73cbc47989b70c8fa4e3c99381fb4ba5f251740da721734973efaacb1dc9c5db,12,5000,147,S10207,40,F,5000,2019-09-28,147,False,False
A20125,73cbc47989b70c8fa4e3c99381fb4ba5f251740da721734973efaacb1dc9c5db,12,5000,147,S10207,40,F,5000,2019-09-28,147,False,True
A10417,74d7faf666da2745a81f940ac8f21f845f1bc1181fdd25d10fe7d8cc225aa1f8,12,6000,145,S10214,27,F,6000,2020-01-03,145,True,True
A14174,74d7faf666da2745a81f940ac8f21f845f1bc1181fdd25d10fe7d8cc225aa1f8,12,6000,145;23,S10214,27,F,6000,2020-01-03,145;23,True,True
A01371,755e45f06016c97b33fd5c2e16616d2a3907c0da1f0cd48f4d4e407a049b202e,12,5000,1,S01370,38,F,5000,2020-06-07,1,False,False
A14915,755e45f06016c97b33fd5c2e16616d2a3907c0da1f0cd48f4d4e407a049b202e,12,5000,1,S01370,38,F,5000,2020-06-07,1,False,True
A05858,796dd1aba5f176eea1d7fd472bd69f2c7c898d1237c721e1e609a2e42c0b71f2,12,5000,50;145+362,S05795,48,M,5000,2019-10-29,145;50,True,True
A20242,796dd1aba5f176eea1d7fd472bd69f2c7c898d1237c721e1e609a2e42c0b71f2,12,5000,50,S05795,48,M,5000,2019-10-29,50,True,True
A05066,7ca136b3cdb330a844f08238639795b0725879f13adc75f9c7b22f8138a203fa,12,5000,1,S05017,54,F,5000,2020-03-26,1,False,False
A08142,7ca136b3cdb330a844f08238639795b0725879f13adc75f9c7b22f8138a203fa,12,5000,1,S05017,54,F,5000,2020-03-26,1,False,True
A01214,7cc12c19ad24d5368cab449e7579b1ccfb97ec9cfdf133a3e9bb25e8c9c98466,12,5000,1,S01213,30,M,5000,2020-04-11,1,False,False
A18816,7cc12c19ad24d5368cab449e7579b1ccfb97ec9cfdf133a3e9bb25e8c9c98466,12,5000,1,S01213,30,M,5000,2020-04-11,1,False,True
A14061,80cf9f67ab7141ec7c8984de1d6043fbf53c2411bd0c3976a892a12bb3aa1db0,12,5000,1,S13701,69,F,5000,2020-01-10,1,False,False
A22152,80cf9f67ab7141ec7c8984de1d6043fbf53c2411bd0c3976a892a12bb3aa1db0,12,5000,1,S13701,69,F,5000,2020-01-10,1,False,True
A12132,83362181299122b4035fe0196d91cede2ab98160db575e3aec3b95bbab2d980a,12,5000,105,S11872,29,M,5000,2020-04-02,105,True,True
A18920,83362181299122b4035fe0196d91cede2ab98160db575e3aec3b95bbab2d980a,12,5000,1,S11872,29,M,5000,2020-04-02,1,True,True
A11457,8371e6fb0fecf0cb2d7deeb4b9d2e8385fd8935e07c3589bca18a8aa47f8c147,12,5000,1,S11223,35,M,5000,2020-08-11,1,False,False
A15253,8371e6fb0fecf0cb2d7deeb4b9d2e8385fd8935e07c3589bca18a8aa47f8c147,12,5000,1,S11223,35,M,5000,2020-08-11,1,False,True
A05382,83ddf40c6892e80bdf915fd047b0944e614a1e655d5d3c669c358586e5d673f0,12,5000,1,S05328,41,M,5000,2019-08-30,1,False,False
A24636,83ddf40c6892e80bdf915fd047b0944e614a1e655d5d3c669c358586e5d673f0,12,5000,1,S05328,41,M,5000,2019-08-30,1,False,True
A02497,8444c6a152122e25c76c39d9161938d82375251a66b0dc335a33085001daf719,12,5500,1,S02479,56,F,5500,2019-11-03,1,False,False
A12198,8444c6a152122e25c76c39d9161938d82375251a66b0dc335a33085001daf719,12,5500,1,S02479,56,F,5500,2019-11-03,1,False,True
A02744,86020a4ce936d2b16cfbcd094a24d8830cd69ae6d4e7b7cdb32f600ccb72c31c,12,6500,50,S02722,63,F,6500,2020-05-24,50,False,False
A13582,86020a4ce936d2b16cfbcd094a24d8830cd69ae6d4e7b7cdb32f600ccb72c31c,12,6500,50,S02722,63,F,6500,2020-05-24,50,False,True
A04050,8642384cbc3c7eb2d01c959a907faaea6c26712d92621fc91a2f4e5d07ca0be1,12,5000,106,S04009,81,M,5000,2020-07-21,106,False,False
A13845,8642384cbc3c7eb2d01c959a907faaea6c26712d92621fc91a2f4e5d07ca0be1,12,5000,106,S04009,81,M,5000,2020-07-21,106,False,True
A13218,866df23a710b6177bb9ec2b70df3eafedcab0d6b8d8ac34a722652ea7390e45c,12,5000,145+362,S12901,77,M,5000,2020-06-08,145,True,True
A22708,866df23a710b6177bb9ec2b70df3eafedcab0d6b8d8ac34a722652ea7390e45c,12,5000,1,S12901,77,M,5000,2020-06-08,1,True,True
A08710,871499c9080e72b5120037929cb734d69d51379df0548e4b0c65a0773b11cf81,12,5000,1,S08575,59,F,5000,2019-11-15,1,False,False
A25073,871499c9080e72b5120037929cb734d69d51379df0548e4b0c65a0773b11cf81,12,5000,1,S08575,59,F,5000,2019-11-15,1,False,True
A07763,87905e204e996a84797cee6c6e51dbea510db440ee7cb7d25b079f350c18045a,12,5000,21,S07652,23,F,5000,2020-02-15,21,False,False
A23660,87905e204e996a84797cee6c6e51dbea510db440ee7cb7d25b079f350c18045a,12,5000,21,S07652,23,F,5000,2020-02-15,21,False,True
A02467,888fd3b6edda79363dc49c2424720dec1c7b762ff28d25394f9d0433582dd04d,12,5000,22,S02449,33,F,5000,2020-06-16,22,False,False
A02631,888fd3b6edda79363dc49c2424720dec1c7b762ff28d25394f9d0433582dd04d,12,5000,22,S02449,33,F,5000,2020-06-16,22,False,True
A01351,8988be5e68928551e104bf0de67c9412d173fbf3a13a2b919fce97fa9e01bdce,12,5000,147,S01350,86,F,5000,2020-02-03,147,False,False
A24926,8988be5e68928551e104bf0de67c9412d173fbf3a13a2b919fce97fa9e01bdce,12,5000,147,S01350,86,F,5000,2020-02-03,147,False,True
A04004,89f6a60f3482bc4e408aa20f32eca62b4d0f3eeb85dad8db33b3220ac46f2da2,12,5000,1,S03964,50,F,5000,2020-02-08,1,False,False
A24392,89f6a60f3482bc4e408aa20f32eca62b4d0f3eeb85dad8db33b3220ac46f2da2,12,5000,1,S03964,50,F,5000,2020-02-08,1,False,True
A08902,8e52e639f0b0f691b74c949cbc7829309dd0e1c4ae4c67bccaff4b2f50c61098,12,5000,1,S08761,46,F,5000,2020-01-23,1,False,False
A24358,8e52e639f0b0f691b74c949cbc7829309dd0e1c4ae4c67bccaff4b2f50c61098,12,5000,1,S08761,46,F,5000,2020-01-23,1,False,True
A15291,8f9d73d7078f31267b446aa44c56140d8aa8f1463a9d54de842de5c8f5fb5db6,12,5000,1,S14870,40,M,5000,2020-07-17,1,False,False
A19474,8f9d73d7078f31267b446aa44c56140d8aa8f1463a9d54de842de5c8f5fb5db6,12,5000,1,S14870,40,M,5000,2020-07-17,1,False,True
A11234,8fef244a0ffeaaefe77c70681a3385b7374fd308b57cbcc9423028a7c0bcd11e,12,5000,106,S11005,78,F,5000,2020-08-13,106,False,False
A24491,8fef244a0ffeaaefe77c70681a3385b7374fd308b57cbcc9423028a7c0bcd11e,12,5000,106,S11005,78,F,5000,2020-08-13,106,False,True
A05625,932fff4fc458b0d22ee9969d5f85fd0bb7c070ade971dd8cbce43b7ee43a69a1,12,6500,21;105;147,S05566,66,M,6500,2019-09-20,105;147;21,False,False
A14886,932fff4fc458b0d22ee9969d5f85fd0bb7c070ade971dd8cbce43b7ee43a69a1,12,6500,21;105;147,S05566,66,M,6500,2019-09-20,105;147;21,False,True
A08843,96797c508f7ea51d3e467312e5d1b66580583bbbf6abd1b9d2fbc6a1dc7f9d1b,12,7000,1,S08705,37,F,7000,2020-03-02,1,False,False
A21969,96797c508f7ea51d3e467312e5d1b66580583bbbf6abd1b9d2fbc6a1dc7f9d1b,12,7000,1,S08705,37,F,7000,2020-03-02,1,False,True
A15065,96c5b3bd8b2d15d04be5625515a1998b20688f9276d40cdee90f21046f490097,12,6000,50;146,S14658,88,F,6000,2020-02-20,146;50,True,True
A23405,96c5b3bd8b2d15d04be5625515a1998b20688f9276d40cdee90f21046f490097,12,6000,50;147+367,S14658,88,F,6000,2020-02-20,147;50,True,True
A15436,977623f1a47a7bdeb30815b5d8c8be3769f2ff564b41c5270fa2ae4cf3fa0eb0,12,5000,105,S15009,85,M,5000,2019-12-28,105,True,True
A18564,977623f1a47a7bdeb30815b5d8c8be3769f2ff564b41c5270fa2ae4cf3fa0eb0,12,5000,1,S15009,85,M,5000,2019-12-28,1,True,True
A06374,9850aa358ab20be5906e3d5e56bc569d4ba0b1aff3422d80472de6fc17882279,12,9000,1,S06302,53,M,9000,2019-11-26,1,True,True
A21882,9850aa358ab20be5906e3d5e56bc569d4ba0b1aff3422d80472de6fc17882279,12,9000,105,S06302,53,M,9000,2019-11-26,105,True,True
A20063,987c49b800075551ecd74db9e02da83450fa96de5696d456567dbbcc28d2dc9d,12,5000,104;60,S19384,82,F,5000,2020-03-16,104;60,False,False
A24803,987c49b800075551ecd74db9e02da83450fa96de5696d456567dbbcc28d2dc9d,12,5000,104;60,S19384,82,F,5000,2020-03-16,104;60,False,True
A12864,9a72909dca62deee991e395d4d72ab583d78c3466ab3a8cabc8fad1245b7a3cb,12,5000,22,S12566,79,F,5000,2019-09-08,22,False,False
A24912,9a72909dca62deee991e395d4d72ab583d78c3466ab3a8cabc8fad1245b7a3cb,12,5000,22,S12566,79,F,5000,2019-09-08,22,False,True
A06080,9d8b4407c133ed8f84bb21badea2fa12e1c6ee61de2cf53236fd69009291f230,12,6000,22;23;60,S06014,56,F,6000,2019-09-20,22;23;60,False,False
A09668,9d8b4407c133ed8f84bb21badea2fa12e1c6ee61de2cf53236fd69009291f230,12,6000,22;23;60,S06014,56,F,6000,2019-09-20,22;23;60,False,True
A11047,9dba9e8f14662d0cea40a7607e6d4506595687379610bd6c7ea0658c16023bbb,12,5000,106,S10827,64,M,5000,2020-05-10,106,False,False
A12332,9dba9e8f14662d0cea40a7607e6d4506595687379610bd6c7ea0658c16023bbb,12,5000,106,S10827,64,M,5000,2020-05-10,106,False,True
A16747,a43afb48be27c520b8a0688c73a9afd5082882c07d42cef5112c6124644097ac,12,5000,105,S16254,40,M,5000,2020-06-13,105,False,False
A18811,a43afb48be27c520b8a0688c73a9afd5082882c07d42cef5112c6124644097ac,12,5000,105,S16254,40,M,5000,2020-06-13,105,False,True
A18362,a4fb4274d852d619a81cc163ec59ff6b346c5d3ddc785c94b89416fcc6fdde59,12,5500,1,S17779,31,M,5500,2019-09-15,1,False,False
A22254,a4fb4274d852d619a81cc163ec59ff6b346c5d3ddc785c94b89416fcc6fdde59,12,5500,1,S17779,31,M,5500,2019-09-15,1,False,True
A13423,a6dfdad0131d955605960324f578a8ab6d4c994374a42d70bc7525635800d9d6,12,5000,147,S13095,31,F,5000,2019-12-11,147,False,False
A19517,a6dfdad0131d955605960324f578a8ab6d4c994374a42d70bc7525635800d9d6,12,5000,147,S13095,31,F,5000,2019-12-11,147,False,True
A09576,a829946dae5e00bfa9e1752a84e622e69bccfd8c4282bd9748dc8b8309a9860f,12,7000,36,S09414,31,M,7000,2020-03-31,36,True,True
A13334,a829946dae5e00bfa9e1752a84e622e69bccfd8c4282bd9748dc8b8309a9860f,12,7000,30+341,S09414,31,M,7000,2020-03-31,30,True,True
A02151,a9ec56459c8404484ad60f1bf6637652db8daf8cc4898b822114b0e79ca343ee,12,5000,88;106;145,S02141,73,M,5000,2020-03-31,106;145;88,False,False
A11318,a9ec56459c8404484ad60f1bf6637652db8daf8cc4898b822114b0e79ca343ee,12,5000,88;106;145,S02141,73,M,5000,2020-03-31,106;145;88,False,True
A01047,ac3c13ba1ea0cf125235d6ab6585e25a2148c0f8c1201ec13e831f5474541969,12,5000,145+362,S01046,63,F,5000,2019-10-07,145,False,False
A02935,ac3c13ba1ea0cf125235d6ab6585e25a2148c0f8c1201ec13e831f5474541969,12,5000,145+362,S01046,63,F,5000,2019-10-07,145,False,True
A00337,adcde9c12c76cb34f3d78b76942de2cd450870475a43c24bdec58fab62e12dd3,12,5000,1,S00337,86,F,5000,2020-05-21,1,False,False
A05637,adcde9c12c76cb34f3d78b76942de2cd450870475a43c24bdec58fab62e12dd3,12,5000,1,S00337,86,F,5000,2020-05-21,1,False,True
A10861,b0eefe7238d68b41e758d069b2a21e03acb7cd19204dfbd8298a84675cfe5cf6,12,5000,1,S10647,75,F,5000,2020-06-21,1,False,False
A21122,b0eefe7238d68b41e758d069b2a21e03acb7cd19204dfbd8298a84675cfe5cf6,12,5000,1,S10647,75,F,5000,2020-06-21,1,False,True
A05305,b1808cdf8f191908eadf2b9b49dd18289f9a9d7873064d79ddf39f18b179b6be,12,5000,147;145+362,S05252,72,F,5000,2020-05-03,145;147,False,False
A06357,b1808cdf8f191908eadf2b9b49dd18289f9a9d7873064d79ddf39f18b179b6be,12,5000,147;145+362,S05252,72,F,5000,2020-05-03,145;147,False,True
A04342,b489cb5ffca77240ce9baed922adca82b7c6f58c4fc0597239ee5863ac7396aa,12,5000,1,S04299,35,M,5000,2020-06-19,1,False,False
A22349,b489cb5ffca77240ce9baed922adca82b7c6f58c4fc0597239ee5863ac7396aa,12,5000,1,S04299,35,M,5000,2020-06-19,1,False,True
A16629,b490aa85e44b4e8baf564656c1dada026c141e4fc7297ebb340cda0c2d917029,12,5000,1,S16144,50,M,5000,2020-04-13,1,False,False
A18684,b490aa85e44b4e8baf564656c1dada026c141e4fc7297ebb340cda0c2d917029,12,5000,1,S16144,50,M,5000,2020-04-13,1,False,True
A00702,bae3216a3ea824e22ea864f2421ddec8cef325cba1c6ba362dc8b5fe2dc302fa,12,5000,1,S00702,28,M,5000,2019-11-18,1,False,False
A08915,bae3216a3ea824e22ea864f2421ddec8cef325cba1c6ba362dc8b5fe2dc302fa,12,5000,1,S00702,28,M,5000,2019-11-18,1,False,True
A00025,bc162088063f1a0ec16601fbcec8f3fd9d56710626398da6c8ea0098c4551ce8,12,5000,1,S00025,64,F,5000,2020-07-22,1,False,False
A15142,bc162088063f1a0ec16601fbcec8f3fd9d56710626398da6c8ea0098c4551ce8,12,5000,1,S00025,64,F,5000,2020-07-22,1,False,True
A03510,bd62a50789284f4f545f3ba2d4ff6b26bfa4158ab56e945cfd0ceb531d1188d5,12,5000,23,S03475,27,M,5000,2019-08-17,23,False,False
A19335,bd62a50789284f4f545f3ba2d4ff6b26bfa4158ab56e945cfd0ceb531d1188d5,12,5000,23,S03475,27,M,5000,2019-08-17,23,False,True
A10771,c01e01520c60f3f6f88cab4e3dd97a94c7026b033b109126be1891b2b6dbee12,12,5000,23,S10558,75,F,5000,2020-04-02,23,False,False
A14143,c01e01520c60f3f6f88cab4e3dd97a94c7026b033b109126be1891b2b6dbee12,12,5000,23,S10558,75,F,5000,2020-04-02,23,False,True
A01397,c0957ac35cec3ee747e999474e2d5a8a527ca5a3b428cca50a91a05811401110,12,5000,1,S01396,62,F,5000,2020-02-22,1,False,False
A25333,c0957ac35cec3ee747e999474e2d5a8a527ca5a3b428cca50a91a05811401110,12,5000,1,S01396,62,F,5000,2020-02-22,1,False,True
A13873,c0df5d13e11bba38e2293a2910d716c8e62e7d47173882e9e769e33a1224b884,12,5500,22,S13521,43,M,5500,2020-02-11,22,False,False
A15042,c0df5d13e11bba38e2293a2910d716c8e62e7d47173882e9e769e33a1224b884,12,5500,22,S13521,43,M,5500,2020-02-11,22,False,True
A01230,c1d8eb58a12151bd264e740739dbb0f93199fc3babbc7883e2887beb21436575,12,5000,22;23,S01229,29,F,5000,2019-11-15,22;23,False,False
A02328,c1d8eb58a12151bd264e740739dbb0f93199fc3babbc7883e2887beb21436575,12,5000,22;23,S01229,29,F,5000,2019-11-15,22;23,False,True
A03939,c31b61c8b2dd28c87482c204d86ceb0c8b67f5e5787d9c50f64e8b41df941fa9,12,5000,60+308,S03900,69,F,5000,2020-06-07,60,False,False
A13719,c31b61c8b2dd28c87482c204d86ceb0c8b67f5e5787d9c50f64e8b41df941fa9,12,5000,60+308,S03900,69,F,5000,2020-06-07,60,False,True
A12806,c5911fc3d58fb1d6835169cda0d0755754bcfd9e000ed3e3f4d43b5b85fe5df7,12,11500,50,S12509,74,M,11500,2019-12-13,50,False,False
A24307,c5911fc3d58fb1d6835169cda0d0755754bcfd9e000ed3e3f4d43b5b85fe5df7,12,11500,50,S12509,74,M,11500,2019-12-13,50,False,True
A00942,c6430bc0f6d15a7b21d2a0b4f364977ec90e2529435125671b5a9f7f2d724529,12,5000,1,S00941,68,F,5000,2020-01-20,1,False,False
A08534,c6430bc0f6d15a7b21d2a0b4f364977ec90e2529435125671b5a9f7f2d724529,12,5000,1,S00941,68,F,5000,2020-01-20,1,False,True
A00265,c7a843b2656216adbbd4dc7e6f8aa4a06cce74fae9784347fbd69dea5ae24011,12,5000,1,S00265,57,F,5000,2019-11-26,1,False,False
A06790,c7a843b2656216adbbd4dc7e6f8aa4a06cce74fae9784347fbd69dea5ae24011,12,5000,1,S00265,57,F,5000,2019-11-26,1,False,True
A02663,cacd8d267ed575fefa0989640ebbf6e5fb5c4a5cdcd9529639a0a49e2b48c927,12,5000,105,S02642,41,M,5000,2020-04-12,105,False,False
A03195,cacd8d267ed575fefa0989640ebbf6e5fb5c4a5cdcd9529639a0a49e2b48c927,12,5000,105,S02642,41,M,5000,2020-04-12,105,False,True
A05816,cb7210c6485f19b56952b6e8b2908f5abd5ca4c5df2921b6435d9873edfe86de,12,5000,1,S05754,62,F,5000,2020-08-10,1,True,True
A07105,cb7210c6485f19b56952b6e8b2908f5abd5ca4c5df2921b6435d9873edfe86de,12,5000,147,S05754,62,F,5000,2020-08-10,147,True,True
A15504,ccf58e59d4e3834b5ba42c882a1520bca5dad34cdb5f3049ea40fc3c0d1dab43,12,5000,1,S15075,68,F,5000,2019-08-19,1,False,False
A21934,ccf58e59d4e3834b5ba42c882a1520bca5dad34cdb5f3049ea40fc3c0d1dab43,12,5000,1,S15075,68,F,5000,2019-08-19,1,False,True
A09452,cd5a4a71f263d02e73a15994f80d9fec15580dfa779b87ac8e83a15dd2eb2e79,12,6500,1,S09293,38,M,6500,2020-03-07,1,False,False
A24902,cd5a4a71f263d02e73a15994f80d9fec15580dfa779b87ac8e83a15dd2eb2e79,12,6500,1,S09293,38,M,6500,2020-03-07,1,False,True
A00831,cddabdccc47ccaac719c974cef1290f31fe76cd2b8870f576f604b7494688bb7,12,5000,160+332;101;147,S00831,54,M,5000,2019-08-30,101;147;160,False,False
A04790,cddabdccc47ccaac719c974cef1290f31fe76cd2b8870f576f604b7494688bb7,12,5000,160+332;101;147,S00831,54,M,5000,2019-08-30,101;147;160,False,True
A07223,ce55bcad217b9428be7d14745063617e25fc3b0b6238e7c93be769daa39a4760,12,5000,1,S07127,19,F,5000,2020-05-14,1,False,False
A11914,ce55bcad217b9428be7d14745063617e25fc3b0b6238e7c93be769daa39a4760,12,5000,1,S07127,19,F,5000,2020-05-14,1,False,True
A06672,d13c1a862c6fd818c1f415a4acc46795d2165dc01783556103d06e7154cd7892,12,5000,23,S06593,27,M,5000,2020-05-09,23,False,False
A09802,d13c1a862c6fd818c1f415a4acc46795d2165dc01783556103d06e7154cd7892,12,5000,23,S06593,27,M,5000,2020-05-09,23,False,True
A04381,d1f39140409e2d3d936cb2feda7e690f7c78ef8679bb5a775ec3d06325a9f852,12,5000,23,S04338,75,M,5000,2020-02-06,23,False,False
A14693,d1f39140409e2d3d936cb2feda7e690f7c78ef8679bb5a775ec3d06325a9f852,12,5000,23,S04338,75,M,5000,2020-02-06,23,False,True
A20142,d2c94736e3d1747f5e14ab5dc153dd53a287a2f2966a13c735ad7e3602d312bf,12,5000,22;147,S19459,69,F,5000,2019-12-17,147;22,False,False
A23103,d2c94736e3d1747f5e14ab5dc153dd53a287a2f2966a13c735ad7e3602d312bf,12,5000,22;147,S19459,69,F,5000,2019-12-17,147;22,False,True
A03893,d37d0955fd49ced39be7de61b01aec6b0b7020fb2ba13d8275ab00e68f26e562,12,5000,1,S03854,42,F,5000,2019-09-10,1,False,False
A18002,d37d0955fd49ced39be7de61b01aec6b0b7020fb2ba13d8275ab00e68f26e562,12,5000,1,S03854,42,F,5000,2019-09-10,1,False,True
A01223,d5c1d6f08a2c438baddebda4f7881f00401273b828d9748c0e23e56130b0a5c4,12,5000,23,S01222,44,M,5000,2019-10-26,23,False,False
A10335,d5c1d6f08a2c438baddebda4f7881f00401273b828d9748c0e23e56130b0a5c4,12,5000,23,S01222,44,M,5000,2019-10-26,23,False,True
A03256,d74b00161ba3b5c4c432fa2ba977c5d6d1f3c36a6be4147d24a4912ca8cd7f7a,12,5000,22,S03222,46,M,5000,2019-12-01,22,False,False
A22366,d74b00161ba3b5c4c432fa2ba977c5d6d1f3c36a6be4147d24a4912ca8cd7f7a,12,5000,22,S03222,46,M,5000,2019-12-01,22,False,True
A21001,d939b940749ca0a3643512ca55b07665021873622df7a9912c3ccd4f4d13e2a5,12,5000,22,S20270,64,F,5000,2020-06-01,22,False,False
A24077,d939b940749ca0a3643512ca55b07665021873622df7a9912c3ccd4f4d13e2a5,12,5000,22,S20270,64,F,5000,2020-06-01,22,False,True
A15777,daba61d81aaefe7f6da1e3df8e6ed11e45b085698218edb749e0facac73137c8,12,6000,22;146,S15334,61,F,6000,2020-04-26,146;22,True,True
A22391,daba61d81aaefe7f6da1e3df8e6ed11e45b085698218edb749e0facac73137c8,12,6000,145+362;22,S15334,61,F,6000,2020-04-26,145;22,True,True
A00535,db651b98a6ad16565cdb4de0131f1160641a1cfe987a6cbb7f4e013f6e48b1a7,12,5000,1,S00535,62,F,5000,2019-09-14,1,False,False
A02324,db651b98a6ad16565cdb4de0131f1160641a1cfe987a6cbb7f4e013f6e48b1a7,12,5000,1,S00535,62,F,5000,2019-09-14,1,False,True
A21913,e066b3ba171c723e3a5dfe3663db63454883d1c122db49bcbc530cdb87505ef9,12,5000,1,S21124,61,F,5000,2019-08-05,1,False,False
A25565,e066b3ba171c723e3a5dfe3663db63454883d1c122db49bcbc530cdb87505ef9,12,5000,1,S21124,61,F,5000,2019-08-05,1,False,True
A16077,e24e7126813045b739d18122dfafd3c6801cdfef01ae781c21c71c6804273738,12,5000,101;147+367,S15622,70,M,5000,2020-01-05,101;147,True,True
A20904,e24e7126813045b739d18122dfafd3c6801cdfef01ae781c21c71c6804273738,12,5000,101;147+367;23,S15622,70,M,5000,2020-01-05,101;147;23,True,True
A06219,e67efc68ffa816175834ebd71988db417d964fb37a1ecdeb1569f518314ded61,12,5000,30;145+362,S06152,65,F,5000,2019-10-01,145;30,False,False
A22348,e67efc68ffa816175834ebd71988db417d964fb37a1ecdeb1569f518314ded61,12,5000,30;145+362,S06152,65,F,5000,2019-10-01,145;30,False,True
A03312,e84d29b65369fae2e607f5dbb0a4875c06e588854facb4c0920a374b9bf62492,12,5000,146,S03278,66,F,5000,2020-05-11,146,True,True
A11600,e84d29b65369fae2e607f5dbb0a4875c06e588854facb4c0920a374b9bf62492,12,5000,147,S03278,66,F,5000,2020-05-11,147,True,True
A04998,e966b84ab902300d39b41e6f17882ba1f1e3ad69cb09b731b3168525fc0dbbcd,12,5000,1,S04950,30,M,5000,2020-04-25,1,False,False
A05002,e966b84ab902300d39b41e6f17882ba1f1e3ad69cb09b731b3168525fc0dbbcd,12,5000,1,S04950,30,M,5000,2020-04-25,1,False,True
A04477,e982e19184941a29b2d87cddc1d5a0cde72b28187602a39d4f88f98ea3208c6f,12,5000,147,S04434,51,F,5000,2020-01-20,147,False,False
A25213,e982e19184941a29b2d87cddc1d5a0cde72b28187602a39d4f88f98ea3208c6f,12,5000,147,S04434,51,F,5000,2020-01-20,147,False,True
A00317,ea26fccbc2d9b4296bad5436cc239546be6d595a843e9353ce1e6cbc90047477,12,5000,1,S00317,57,F,5000,2020-06-01,1,False,False
A22475,ea26fccbc2d9b4296bad5436cc239546be6d595a843e9353ce1e6cbc90047477,12,5000,1,S00317,57,F,5000,2020-06-01,1,False,True
A05157,eaddb62fb66dd7c0071e5a959df430f06c2fa9727bbf51cb1d4839c155383654,12,6000,1,S05104,56,F,6000,2019-09-18,1,False,False
A09855,eaddb62fb66dd7c0071e5a959df430f06c2fa9727bbf51cb1d4839c155383654,12,6000,1,S05104,56,F,6000,2019-09-18,1,False,True
A21777,ebb14b18a8d3813e8d12dae3dba7491804b6ad55c677f1cbb7ce547984726a32,12,5000,1,S20995,81,M,5000,2020-07-24,1,False,False
A22311,ebb14b18a8d3813e8d12dae3dba7491804b6ad55c677f1cbb7ce547984726a32,12,5000,1,S20995,81,M,5000,2020-07-24,1,False,True
A04875,ec53cafd042bcf98066096f36463adc9c75bab2f06e7b5f3f81ad4138df8bcf4,12,5000,1,S04827,31,F,5000,2019-10-12,1,False,False
A13904,ec53cafd042bcf98066096f36463adc9c75bab2f06e7b5f3f81ad4138df8bcf4,12,5000,1,S04827,31,F,5000,2019-10-12,1,False,True
A14245,ec913619916437f6407babfec019ea568f9be968932b8332bc47e922ce61fef5,12,7000,1,S13876,77,F,7000,2019-08-07,1,False,False
A22314,ec913619916437f6407babfec019ea568f9be968932b8332bc47e922ce61fef5,12,7000,1,S13876,77,F,7000,2019-08-07,1,False,True
A00655,ef0cf31256446870bacf6cef67171576b0dd99dad17e112946a689c3eadef2c5,12,6000,1,S00655,62,F,6000,2020-05-22,1,False,False
A10401,ef0cf31256446870bacf6cef67171576b0dd99dad17e112946a689c3eadef2c5,12,6000,1,S00655,62,F,6000,2020-05-22,1,False,True
A04012,f03d5e0db76d0d947dd55d30a8dda544d108cc1675f38eb2913786ce94e5bdc6,12,5000,1,S03972,48,F,5000,2019-12-10,1,False,False
A20896,f03d5e0db76d0d947dd55d30a8dda544d108cc1675f38eb2913786ce94e5bdc6,12,5000,1,S03972,48,F,5000,2019-12-10,1,False,True
A10656,f058384029c34d42e7e61a50d8b9ac9e62cb8b4e5260e56e80628158b2fab719,12,5000,1,S10446,25,M,5000,2019-08-11,1,False,False
A19036,f058384029c34d42e7e61a50d8b9ac9e62cb8b4e5260e56e80628158b2fab719,12,5000,1,S10446,25,M,5000,2019-08-11,1,False,True
A14496,f38fb53a60dc5cbd7c7e378370cb8fcc5a3630654cfa45a07e685fc1e1d3f69d,12,5000,1,S14118,56,F,5000,2020-07-14,1,False,False
A24309,f38fb53a60dc5cbd7c7e378370cb8fcc5a3630654cfa45a07e685fc1e1d3f69d,12,5000,1,S14118,56,F,5000,2020-07-14,1,False,True
A00263,f3ea7e577202f7ecb5b8896503a274c69d0115376e42d04848310c5f7e1bb79d,12,6000,146,S00263,62,F,6000,2020-02-18,146,False,False
A10204,f3ea7e577202f7ecb5b8896503a274c69d0115376e42d04848310c5f7e1bb79d,12,6000,146,S00263,62,F,6000,2020-02-18,146,False,True
A20169,f5c1950f135e50140ee284694c47067590415ca51564e98a1504bb598d927907,12,10500,30+308;145,S19485,63,M,10500,2020-01-11,145;30,False,False
A21051,f5c1950f135e50140ee284694c47067590415ca51564e98a1504bb598d927907,12,10500,30+308;145,S19485,63,M,10500,2020-01-11,145;30,False,True
A06562,f61bad0a69d83189723d07fede4c8a565e710ab35e1f23dd7f90a1a9ddc2df51,12,5000,1,S06487,64,F,5000,2019-09-16,1,False,False
A25585,f61bad0a69d83189723d07fede4c8a565e710ab35e1f23dd7f90a1a9ddc2df51,12,5000,1,S06487,64,F,5000,2019-09-16,1,False,True
A08152,f6c3aacf068c61e76772faec3d7bf5d3c73a643861b90a8074a5916451c87d55,12,5500,1,S08031,63,M,5500,2020-08-21,1,False,False
A23213,f6c3aacf068c61e76772faec3d7bf5d3c73a643861b90a8074a5916451c87d55,12,5500,1,S08031,63,M,5500,2020-08-21,1,False,True
A01162,f81e5871e0f0f74ef56d00e9294d2d9cc9f44bf8da59871df72535c175e1de70,12,5000,36,S01161,81,F,5000,2020-01-02,36,False,False
A07078,f81e5871e0f0f74ef56d00e9294d2d9cc9f44bf8da59871df72535c175e1de70,12,5000,36,S01161,81,F,5000,2020-01-02,36,False,True
A04971,f9af3ef7e8ebb8c53cbcb441baa40c81bda4a280cff746b9d94e4cc14a51d7de,12,5500,22;82;160+332;161+332;104;147,S04923,81,M,5500,2020-02-27,104;147;160;161;22;82,True,True
A12437,f9af3ef7e8ebb8c53cbcb441baa40c81bda4a280cff746b9d94e4cc14a51d7de,12,5500,22;82;160+332;161+332;146,S04923,81,M,5500,2020-02-27,146;160;161;22;82,True,True
A06159,faf9558f4433026111267b8a2c37aea7860731c37f1be8c7a72539aa54f1f327,12,6000,1,S06092,74,M,6000,2020-08-05,1,True,True
A14593,faf9558f4433026111267b8a2c37aea7860731c37f1be8c7a72539aa54f1f327,12,6000,105,S06092,74,M,6000,2020-08-05,105,True,True
A05622,fce98aaaff8eaa2d69ee4f2cf19b1aaafb02a43235811c31ecb1bb65ee6bf0b3,12,5000,23,S05563,27,F,5000,2019-10-19,23,False,False
A25624,fce98aaaff8eaa2d69ee4f2cf19b1aaafb02a43235811c31ecb1bb65ee6bf0b3,12,5000,23,S05563,27,F,5000,2019-10-19,23,False,True
A02016,fd170fd1ca16cbbade49ac86c9fd1b22876e88c7313a8bf99741710701e6cf5e,12,5000,1,S02008,24,F,5000,2020-05-03,1,False,False
A12215,fd170fd1ca16cbbade49ac86c9fd1b22876e88c7313a8bf99741710701e6cf5e,12,5000,1,S02008,24,F,5000,2020-05-03,1,False,True
A02377,fe8ab0a362c03025a7f2a1b62ba491e8d7f3b98c41e6af4a1d69ef468176637a,12,5000,105;145+362,S02361,69,F,5000,2020-07-01,105;145,True,True
A11470,fe8ab0a362c03025a7f2a1b62ba491e8d7f3b98c41e6af4a1d69ef468176637a,12,5000,105;145+362;152,S02361,69,F,5000,2020-07-01,105;145;152,True,True
